Student_ID,First_Name,Last_Name,Email,Major,Title,Number_of_Skills,Salary,Salary_Range,GPA,GPA_Range,Graduated,Algorithm Development,Creativity,AI Ethics and Governance,API Development,Curiosity,Project Management,Business Acumen,Communication,AI Frameworks and Libraries,IoT Integration,Cloud Computing,Programming Languages,Big Data Technologies,Ethical Considerations,Data Analysis,Computer Vision,Software Engineering Principles,Market Analysis,Adaptability,Data Visualization,Edge Computing,Natural Language Processing (NLP),Problem-Solving,Robotics,Database Management,Data Engineering,Model Training and Evaluation,ETL Processes,Deep Learning,DevOps,Presentation Skills,Collaboration,Machine Learning Algorithms,Leadership,Critical Thinking,Data Preprocessing,Data-Driven Decision Making,Attention to Detail,Programming,Salary_Binned
318348308,Amanda,Garcia,Amanda.Garcia000@mymdc.net,0,6,9,97962,0,3.5,2,True,0,0,0,0,0,1,0,0,0,0,1,0,0,0,1,0,0,1,0,0,0,0,0,0,0,0,1,0,0,0,0,1,0,1,0,1,0,1,0,90k-120k
394212503,Raymond,Fields,Raymond.Fields000@mymdc.net,0,6,30,88034,0,2.92,1,True,1,1,1,0,1,0,1,1,0,1,1,1,0,1,1,0,0,1,0,1,1,1,1,1,1,1,0,1,1,1,1,1,1,1,0,1,1,1,1,60k-90k
294952537,Melissa,Chambers,Melissa.Chambers000@mymdc.net,0,1,28,109776,0,3.23,2,True,0,1,1,1,1,1,1,1,1,1,0,0,1,1,1,1,1,1,1,0,1,1,1,1,1,0,1,0,0,0,1,0,1,0,1,1,1,1,0,90k-120k
108517214,Jessica,Morris,Jessica.Morris000@mymdc.net,0,3,33,90611,0,3.06,2,True,1,1,1,1,1,1,1,1,1,1,1,1,1,1,0,1,1,1,1,1,1,1,1,0,0,0,1,1,1,0,1,1,1,0,1,1,1,1,1,90k-120k
913578422,Manuel,Oneal,Manuel.Oneal000@mymdc.net,0,1,36,92581,0,3.19,2,True,1,1,1,1,1,1,1,1,1,1,1,1,1,1,1,1,0,1,1,0,1,1,1,1,1,1,1,1,1,1,1,1,1,0,1,1,1,1,1,90k-120k
787231606,Cody,Monroe,Cody.Monroe000@mymdc.net,0,1,26,91002,0,2.47,3,True,1,1,0,1,1,0,0,0,0,1,1,1,1,1,1,0,1,1,1,1,1,0,0,0,1,1,1,1,1,1,1,1,0,0,1,1,0,0,1,90k-120k
975875767,Dylan,Green,Dylan.Green000@mymdc.net,1,7,10,69273,1,3.17,2,True,0,0,0,0,0,0,0,1,1,0,0,1,0,1,0,0,1,1,0,1,0,0,0,0,0,0,0,0,0,1,0,0,0,1,1,0,0,0,0,60k-90k
394212503,Raymond,Fields,Raymond.Fields000@mymdc.net,0,6,30,88034,0,2.92,1,True,1,1,1,0,1,0,1,1,0,1,1,1,0,1,1,0,0,1,0,1,1,1,1,1,1,1,0,1,1,1,1,1,1,1,0,1,1,1,1,60k-90k
704714463,Brian,Brooks,Brian.Brooks000@mymdc.net,0,3,3,99803,0,2.2,3,True,0,0,0,0,0,0,0,0,1,0,0,0,0,0,0,0,0,0,0,0,0,0,0,0,0,0,0,0,0,1,0,0,0,0,0,1,0,0,0,90k-120k
937243952,Joshua,Anderson,Joshua.Anderson000@mymdc.net,0,1,5,82693,0,2.29,3,True,0,0,0,0,0,0,0,0,0,0,0,0,0,0,0,0,0,0,0,0,1,0,0,0,0,1,1,1,1,0,0,0,0,0,0,0,0,0,0,60k-90k
397236565,Linda,Branch,Linda.Branch000@mymdc.net,1,5,19,79253,1,2.98,1,True,1,1,0,1,0,0,0,0,1,1,0,1,1,0,0,0,0,0,1,1,1,1,0,0,1,1,0,0,1,0,1,0,1,1,0,0,0,1,1,60k-90k
914543261,Michael,Haynes,Michael.Haynes000@mymdc.net,1,4,34,82397,0,3.17,2,True,1,1,1,1,1,0,1,1,1,1,1,0,1,0,1,1,1,1,0,1,1,1,1,1,1,1,1,1,1,1,1,1,1,0,1,1,1,1,1,60k-90k
905371511,Lucas,Williams,Lucas.Williams000@mymdc.net,0,6,37,98771,0,3.21,2,True,1,1,1,1,1,1,1,1,1,1,1,1,1,1,1,1,1,0,1,1,1,1,1,1,1,1,1,0,1,1,1,1,1,1,1,1,1,1,1,90k-120k
975875767,Dylan,Green,Dylan.Green000@mymdc.net,1,7,10,69273,1,3.17,2,True,0,0,0,0,0,0,0,1,1,0,0,1,0,1,0,0,1,1,0,1,0,0,0,0,0,0,0,0,0,1,0,0,0,1,1,0,0,0,0,60k-90k
771636322,Joan,Giles,Joan.Giles000@mymdc.net,0,0,28,97219,0,2.88,1,True,0,0,1,1,1,1,1,0,1,1,1,1,1,0,0,1,1,1,1,1,1,0,1,1,0,1,1,1,0,1,0,0,1,1,1,0,1,1,1,90k-120k
974888943,Rebecca,Soto,Rebecca.Soto000@mymdc.net,1,4,7,68601,1,3.52,0,True,1,0,0,0,0,0,0,0,0,0,0,0,1,1,0,0,0,0,0,1,0,0,0,0,0,0,0,0,0,0,1,0,0,0,1,0,0,0,1,60k-90k
996447810,Justin,Oconnor,Justin.Oconnor000@mymdc.net,0,1,32,93162,0,2.92,1,True,1,1,1,0,0,1,1,1,0,1,1,1,1,1,0,0,1,1,1,1,1,1,1,1,1,1,1,1,1,1,1,1,0,1,1,0,1,1,1,90k-120k
293487107,Levi,Duran,Levi.Duran000@mymdc.net,0,1,18,94321,0,2.14,3,True,0,0,0,1,1,1,1,0,1,1,0,0,1,0,0,0,0,1,0,0,1,0,0,0,1,1,0,1,0,1,0,1,1,0,0,0,1,1,1,90k-120k
447864323,Tara,Carroll,Tara.Carroll000@mymdc.net,0,0,11,91794,0,3.97,0,True,0,1,1,0,0,1,0,0,1,0,0,1,0,0,0,0,0,0,1,0,0,1,0,0,0,0,0,1,0,0,1,0,0,1,1,0,0,0,0,90k-120k
905685523,Donald,Brown,Donald.Brown000@mymdc.net,0,1,30,88372,0,2.35,3,True,1,0,1,1,1,1,1,0,1,1,0,1,1,1,0,0,0,1,1,0,0,1,1,1,1,1,1,1,1,1,1,1,1,0,1,1,1,1,1,60k-90k
242914192,Sheryl,Graham,Sheryl.Graham000@mymdc.net,0,0,3,80472,0,2.36,3,True,0,0,0,0,0,0,0,0,0,0,0,0,0,0,0,0,0,0,0,0,0,0,0,0,0,0,0,0,0,0,0,0,0,1,0,0,1,0,1,60k-90k
555493354,Meagan,Ramos,Meagan.Ramos000@mymdc.net,1,2,22,73452,1,2.47,3,True,0,0,1,1,0,0,1,1,1,0,1,0,1,1,1,1,0,1,0,0,1,0,0,1,1,1,1,0,1,0,0,1,0,0,1,1,0,1,1,60k-90k
416154989,Roger,Webb,Roger.Webb000@mymdc.net,0,6,16,93317,0,2.45,3,True,1,1,0,1,0,0,0,0,0,1,0,0,1,0,1,1,0,0,1,0,1,1,1,1,0,0,0,0,0,1,0,1,0,1,0,1,0,0,0,90k-120k
369164625,William,Wilson,William.Wilson000@mymdc.net,1,5,22,72510,1,3.03,2,True,0,1,0,1,0,1,0,1,1,0,1,1,0,1,1,1,0,0,1,1,1,0,0,1,0,1,0,0,1,1,0,0,1,1,1,1,1,0,0,60k-90k
925978663,Colton,Pratt,Colton.Pratt000@mymdc.net,1,8,30,75223,1,2.93,1,True,0,1,0,1,0,1,1,1,1,1,1,1,1,1,0,1,1,1,1,1,1,1,1,0,1,1,1,1,1,0,0,0,0,1,1,1,1,1,1,60k-90k
397236565,Linda,Branch,Linda.Branch000@mymdc.net,1,5,19,79253,1,2.98,1,True,1,1,0,1,0,0,0,0,1,1,0,1,1,0,0,0,0,0,1,1,1,1,0,0,1,1,0,0,1,0,1,0,1,1,0,0,0,1,1,60k-90k
228872618,Kevin,Sullivan,Kevin.Sullivan000@mymdc.net,1,4,23,86978,0,2.43,3,True,0,1,0,1,0,1,0,0,1,1,1,0,1,0,1,0,1,1,1,1,1,1,0,1,0,0,0,0,1,1,1,1,1,0,1,0,0,1,1,60k-90k
447864323,Tara,Carroll,Tara.Carroll000@mymdc.net,0,0,11,91794,0,3.97,0,True,0,1,1,0,0,1,0,0,1,0,0,1,0,0,0,0,0,0,1,0,0,1,0,0,0,0,0,1,0,0,1,0,0,1,1,0,0,0,0,90k-120k
562133880,Brittany,Davies,Brittany.Davies000@mymdc.net,0,9,36,96024,0,2.36,3,True,1,1,0,1,1,1,1,1,1,1,1,1,1,1,1,0,1,1,1,0,1,1,1,1,1,1,1,1,1,1,1,1,1,1,1,1,1,1,1,90k-120k
340431025,Jacob,Dawson,Jacob.Dawson000@mymdc.net,0,1,24,96402,0,2.93,1,True,0,1,1,0,1,1,0,0,1,1,1,1,0,0,0,1,0,1,1,1,1,1,1,1,0,0,1,1,0,1,1,0,0,1,1,0,1,0,1,90k-120k
706637046,Holly,Gray,Holly.Gray000@mymdc.net,1,4,35,76208,1,3.23,2,True,1,1,1,1,1,1,1,0,1,1,1,1,1,1,1,1,1,0,1,0,1,1,1,1,0,1,1,1,1,1,1,1,1,1,1,1,1,1,1,60k-90k
670373087,Tracey,Collins,Tracey.Collins000@mymdc.net,1,5,17,82552,0,3.01,2,True,0,1,1,0,1,1,0,0,1,1,1,1,0,0,1,1,1,1,0,0,0,0,1,0,0,0,1,0,0,1,1,0,0,0,0,0,1,0,0,60k-90k
779539531,Michael,Oneal,Michael.Oneal000@mymdc.net,0,9,9,109421,0,3.5,2,True,0,0,0,0,0,0,0,0,1,0,0,0,0,1,0,1,0,0,0,1,0,0,0,0,1,1,0,0,0,1,0,0,0,1,0,0,0,1,0,90k-120k
519921441,Oscar,Perez,Oscar.Perez000@mymdc.net,1,7,12,92204,0,2.68,1,True,0,1,0,0,0,0,0,0,0,0,0,0,1,0,1,0,1,0,0,0,0,0,0,0,0,1,1,0,1,0,1,1,0,1,1,0,1,0,0,90k-120k
708562633,Henry,Roberts,Henry.Roberts000@mymdc.net,0,1,10,80350,0,3.94,0,True,0,1,0,0,0,1,0,1,0,0,0,0,0,0,0,1,0,0,1,0,0,0,0,0,0,0,1,0,0,0,1,1,1,0,0,1,0,0,0,60k-90k
966848006,Amy,Porter,Amy.Porter000@mymdc.net,1,5,22,86657,0,2.05,3,True,1,0,1,0,1,1,0,1,0,0,1,1,0,0,0,1,1,1,1,1,1,0,0,1,0,0,0,0,0,1,1,1,0,1,1,1,0,1,1,60k-90k
547773425,Jacqueline,Little,Jacqueline.Little000@mymdc.net,1,7,16,84996,0,3.46,2,True,1,0,0,0,0,1,1,0,0,0,0,1,1,1,1,0,0,0,1,0,0,1,0,1,1,0,0,1,0,1,1,1,0,1,0,0,0,0,0,60k-90k
142841163,Sandra,Knight,Sandra.Knight000@mymdc.net,0,0,31,82365,0,2.6,1,True,1,1,1,1,1,1,0,1,1,1,1,1,1,1,1,1,0,0,1,1,1,1,1,0,0,0,1,1,0,0,1,1,1,1,1,1,1,1,1,60k-90k
241929186,Jamie,Smith,Jamie.Smith000@mymdc.net,1,8,34,76405,1,3.21,2,True,1,1,1,1,1,1,0,1,0,1,1,1,0,1,1,1,0,1,1,0,1,1,1,1,1,1,1,1,1,1,1,1,1,1,1,1,1,1,1,60k-90k
769686087,Collin,Hoffman,Collin.Hoffman000@mymdc.net,1,7,19,82277,0,2.06,3,True,1,0,1,1,1,0,0,0,0,1,0,1,0,0,0,0,1,1,0,0,1,1,0,0,0,0,1,0,1,1,0,1,1,1,1,0,1,0,1,60k-90k
984935619,Jodi,Fuentes,Jodi.Fuentes000@mymdc.net,1,5,12,90289,0,2.54,1,True,0,1,0,0,0,1,0,0,0,0,0,0,1,0,1,0,0,1,1,0,0,0,0,0,1,0,0,0,0,0,1,1,1,0,0,1,1,0,0,90k-120k
445266443,Natasha,Moore,Natasha.Moore000@mymdc.net,0,6,28,95757,0,3.61,0,True,0,0,1,1,0,1,1,0,1,1,0,1,1,1,0,1,1,1,1,1,1,0,1,1,1,1,0,1,1,1,1,1,1,1,1,0,1,0,0,90k-120k
905371511,Lucas,Williams,Lucas.Williams000@mymdc.net,0,6,37,98771,0,3.21,2,True,1,1,1,1,1,1,1,1,1,1,1,1,1,1,1,1,1,0,1,1,1,1,1,1,1,1,1,0,1,1,1,1,1,1,1,1,1,1,1,90k-120k
975875767,Dylan,Green,Dylan.Green000@mymdc.net,1,7,10,69273,1,3.17,2,True,0,0,0,0,0,0,0,1,1,0,0,1,0,1,0,0,1,1,0,1,0,0,0,0,0,0,0,0,0,1,0,0,0,1,1,0,0,0,0,60k-90k
528499478,Donald,King,Donald.King000@mymdc.net,1,2,6,70315,1,2.64,1,True,0,1,0,0,0,0,0,0,1,0,0,0,0,1,0,0,1,0,0,0,0,0,0,0,0,0,0,0,0,0,0,1,0,0,1,0,0,0,0,60k-90k
228872618,Kevin,Sullivan,Kevin.Sullivan000@mymdc.net,1,4,23,86978,0,2.43,3,True,0,1,0,1,0,1,0,0,1,1,1,0,1,0,1,0,1,1,1,1,1,1,0,1,0,0,0,0,1,1,1,1,1,0,1,0,0,1,1,60k-90k
878205283,Jennifer,Jacobson,Jennifer.Jacobson000@mymdc.net,0,0,7,81106,0,2.86,1,True,1,0,1,0,1,0,1,0,0,0,0,1,0,0,0,0,0,0,0,0,0,0,0,0,0,0,0,1,0,0,0,0,1,0,0,0,0,0,0,60k-90k
191397566,Julie,White,Julie.White000@mymdc.net,0,9,38,105814,0,2.28,3,True,1,1,1,1,1,1,1,1,1,1,1,1,1,1,1,1,1,1,1,1,1,1,1,1,1,1,1,1,1,1,1,1,1,1,1,1,0,1,1,90k-120k
875807588,Andrew,Murphy,Andrew.Murphy000@mymdc.net,0,6,1,103663,0,3.27,2,True,0,0,0,0,0,0,0,0,0,0,0,0,0,0,0,0,0,0,0,0,0,0,0,0,0,0,0,0,0,0,0,0,0,0,0,0,1,0,0,90k-120k
771804616,Karen,White,Karen.White000@mymdc.net,0,1,23,94667,0,3.02,2,True,1,0,0,0,1,1,0,0,0,1,1,1,1,1,0,1,1,1,1,1,0,1,1,0,1,1,0,1,0,0,0,0,0,1,1,1,0,1,1,90k-120k
141738760,Deborah,Porter,Deborah.Porter000@mymdc.net,0,9,11,106784,0,3.93,0,True,0,0,1,0,0,0,0,0,0,0,0,0,0,0,0,1,1,1,0,1,0,1,1,1,0,0,0,0,0,1,0,0,0,0,0,1,0,0,1,90k-120k
325517454,Ashley,Shelton,Ashley.Shelton000@mymdc.net,1,8,30,87631,0,2.46,3,True,1,1,1,0,1,1,1,1,1,1,1,0,0,0,1,1,1,0,0,1,1,1,1,1,0,1,1,1,1,1,1,1,1,1,1,1,1,0,0,60k-90k
661187766,Thomas,Rodriguez,Thomas.Rodriguez000@mymdc.net,1,4,23,65031,1,2.08,3,True,1,0,0,1,0,1,0,1,1,1,1,1,0,1,0,0,1,0,1,1,1,0,0,0,1,1,1,1,0,0,1,0,1,1,1,0,0,1,1,60k-90k
771636322,Joan,Giles,Joan.Giles000@mymdc.net,0,0,28,97219,0,2.88,1,True,0,0,1,1,1,1,1,0,1,1,1,1,1,0,0,1,1,1,1,1,1,0,1,1,0,1,1,1,0,1,0,0,1,1,1,0,1,1,1,90k-120k
830694727,Joshua,Hoover,Joshua.Hoover000@mymdc.net,1,7,18,80429,0,3.58,0,True,0,1,0,1,0,1,0,1,0,0,1,1,0,1,1,0,0,0,1,0,1,0,0,1,0,0,1,0,1,0,0,1,1,0,0,1,1,1,0,60k-90k
347963354,Joseph,Phillips,Joseph.Phillips000@mymdc.net,1,7,21,78961,1,3.65,0,True,1,1,0,0,1,0,0,0,0,1,1,0,1,1,1,0,1,0,0,0,1,1,0,1,1,0,1,1,0,0,1,1,1,0,1,1,0,1,0,60k-90k
470117583,Heather,Reese,Heather.Reese000@mymdc.net,0,9,35,107344,0,2.52,1,True,1,1,1,1,1,1,1,1,1,0,1,1,1,1,1,1,1,1,1,1,1,0,1,1,1,1,1,1,1,1,0,1,1,0,1,1,1,1,1,90k-120k
212563410,Robert,Richardson,Robert.Richardson000@mymdc.net,0,1,9,85735,0,2.81,1,True,0,0,0,0,0,1,0,0,0,0,0,0,0,1,1,0,0,0,0,0,0,1,0,0,1,0,0,1,1,0,0,0,1,0,1,0,0,0,0,60k-90k
724178879,Joe,Larson,Joe.Larson000@mymdc.net,0,6,23,95284,0,3.72,0,True,1,1,0,1,1,1,0,1,1,0,0,1,1,0,1,1,0,0,0,0,0,1,1,1,1,0,1,1,0,1,0,1,0,1,1,0,1,0,1,90k-120k
221428436,Rebecca,Wolf,Rebecca.Wolf000@mymdc.net,0,1,15,87890,0,2.35,3,True,0,1,1,0,1,0,0,0,0,0,0,1,1,0,1,0,1,1,1,1,0,0,0,0,0,0,1,0,0,1,1,0,1,1,0,0,0,0,0,60k-90k
519921441,Oscar,Perez,Oscar.Perez000@mymdc.net,1,7,12,92204,0,2.68,1,True,0,1,0,0,0,0,0,0,0,0,0,0,1,0,1,0,1,0,0,0,0,0,0,0,0,1,1,0,1,0,1,1,0,1,1,0,1,0,0,90k-120k
564766822,Ronald,Kirk,Ronald.Kirk000@mymdc.net,0,3,31,105733,0,2.69,1,True,1,1,1,1,1,1,1,1,1,1,1,1,1,1,1,0,1,0,0,1,1,1,1,0,1,0,1,1,1,1,1,0,1,1,0,1,1,1,0,90k-120k
285582264,Dave,Hoffman,Dave.Hoffman000@mymdc.net,1,7,37,70721,1,3.13,2,True,0,1,1,1,1,1,1,1,1,1,1,1,1,1,1,1,1,1,1,1,1,1,1,1,0,1,1,1,1,1,1,1,1,1,1,1,1,1,1,60k-90k
913578422,Manuel,Oneal,Manuel.Oneal000@mymdc.net,0,1,36,92581,0,3.19,2,True,1,1,1,1,1,1,1,1,1,1,1,1,1,1,1,1,0,1,1,0,1,1,1,1,1,1,1,1,1,1,1,1,1,0,1,1,1,1,1,90k-120k
718954885,Daniel,Mullins,Daniel.Mullins000@mymdc.net,0,3,30,98629,0,3.15,2,True,1,0,0,1,1,0,1,1,1,1,1,1,1,1,1,1,1,0,0,1,1,1,1,0,1,1,1,1,1,1,0,0,1,1,1,1,0,1,1,90k-120k
340431025,Jacob,Dawson,Jacob.Dawson000@mymdc.net,0,1,24,96402,0,2.93,1,True,0,1,1,0,1,1,0,0,1,1,1,1,0,0,0,1,0,1,1,1,1,1,1,1,0,0,1,1,0,1,1,0,0,1,1,0,1,0,1,90k-120k
858665911,Lisa,Kelly,Lisa.Kelly000@mymdc.net,0,3,25,81522,0,2.66,1,True,1,0,1,1,1,1,1,1,1,1,1,0,1,0,1,0,0,0,0,0,1,0,1,1,1,1,1,1,0,0,0,1,1,1,1,0,0,1,1,60k-90k
473856996,Rose,Gamble,Rose.Gamble000@mymdc.net,0,6,20,104095,0,2.55,1,True,0,1,0,1,0,1,0,1,1,1,0,0,1,1,1,1,0,0,1,1,1,0,1,0,0,1,1,1,0,0,1,0,1,0,1,0,0,0,0,90k-120k
122982930,Ashley,Shepard,Ashley.Shepard000@mymdc.net,0,3,25,102294,0,2.88,1,True,1,0,1,1,1,1,0,1,1,0,0,1,1,1,1,0,1,0,0,0,1,1,0,1,1,1,0,1,1,1,1,0,1,1,1,0,0,1,0,90k-120k
878849562,Brandon,Kelly,Brandon.Kelly000@mymdc.net,0,3,3,107805,0,3.64,0,True,0,0,0,0,0,0,0,0,0,0,0,0,0,0,0,0,0,0,0,0,0,0,0,0,0,1,0,0,0,0,0,0,0,0,0,0,0,1,1,90k-120k
799607988,Lisa,Vaughn,Lisa.Vaughn000@mymdc.net,0,9,31,94909,0,3.4,2,True,1,1,1,0,1,1,0,1,1,1,1,0,1,1,1,0,1,0,1,1,0,1,1,1,1,1,1,1,1,1,1,1,1,1,1,0,0,1,1,90k-120k
577353509,Troy,Jordan,Troy.Jordan000@mymdc.net,1,4,29,72842,1,2.13,3,True,1,1,0,1,1,1,0,1,1,1,1,1,1,1,1,1,1,1,0,1,0,1,1,1,1,0,1,1,1,1,1,1,0,0,0,1,1,0,0,60k-90k
677542629,Patricia,Solis,Patricia.Solis000@mymdc.net,0,3,5,100545,0,2.73,1,True,0,0,0,0,1,0,0,0,0,0,0,0,0,0,0,0,0,0,1,0,0,1,1,0,0,0,0,0,0,0,0,0,0,0,0,1,0,0,0,90k-120k
141738760,Deborah,Porter,Deborah.Porter000@mymdc.net,0,9,11,106784,0,3.93,0,True,0,0,1,0,0,0,0,0,0,0,0,0,0,0,0,1,1,1,0,1,0,1,1,1,0,0,0,0,0,1,0,0,0,0,0,1,0,0,1,90k-120k
605418453,Wanda,Fitzgerald,Wanda.Fitzgerald000@mymdc.net,0,9,13,96542,0,3.51,0,True,0,0,1,0,1,0,0,0,0,0,1,0,0,0,0,0,0,1,1,1,0,0,1,0,1,0,1,1,0,0,0,1,1,0,1,0,0,0,0,90k-120k
851656260,Jennifer,Gonzalez,Jennifer.Gonzalez000@mymdc.net,1,2,13,78449,1,3.06,2,True,1,1,1,0,0,0,0,0,0,1,0,0,0,0,0,0,0,0,0,1,0,1,1,0,1,0,0,0,0,0,0,1,1,1,0,0,1,0,1,60k-90k
249261701,Melissa,Walker,Melissa.Walker000@mymdc.net,0,9,5,96118,0,2.45,3,True,0,0,0,0,0,1,0,0,1,0,0,0,0,0,1,0,0,0,0,0,0,0,0,0,0,0,1,1,0,0,0,0,0,0,0,0,0,0,0,90k-120k
122982930,Ashley,Shepard,Ashley.Shepard000@mymdc.net,0,3,25,102294,0,2.88,1,True,1,0,1,1,1,1,0,1,1,0,0,1,1,1,1,0,1,0,0,0,1,1,0,1,1,1,0,1,1,1,1,0,1,1,1,0,0,1,0,90k-120k
659243861,Alice,Davis,Alice.Davis000@mymdc.net,1,7,38,76411,1,3.71,0,True,1,1,1,1,1,1,1,1,1,1,1,1,1,1,1,1,1,1,1,1,1,1,1,1,1,1,1,1,1,1,1,1,1,1,1,1,1,0,1,60k-90k
678944605,Deborah,Welch,Deborah.Welch000@mymdc.net,1,7,3,77429,1,2.96,1,True,0,1,0,0,1,0,0,0,0,0,0,0,0,0,0,0,0,0,0,0,0,0,0,0,0,0,0,1,0,0,0,0,0,0,0,0,0,0,0,60k-90k
667117575,Alexander,Austin,Alexander.Austin000@mymdc.net,0,3,22,108824,0,2.62,1,True,1,1,1,0,1,1,1,1,1,0,1,0,0,0,0,0,0,0,1,1,0,1,1,1,0,1,1,0,0,1,1,1,0,1,0,0,1,0,1,90k-120k
898327935,Pamela,Hall,Pamela.Hall000@mymdc.net,0,1,25,98734,0,2.61,1,True,1,1,1,1,1,1,0,0,1,0,0,1,0,1,0,1,1,0,1,1,0,0,1,0,0,1,1,1,0,1,1,1,1,0,1,1,0,1,1,90k-120k
996447810,Justin,Oconnor,Justin.Oconnor000@mymdc.net,0,1,32,93162,0,2.92,1,True,1,1,1,0,0,1,1,1,0,1,1,1,1,1,0,0,1,1,1,1,1,1,1,1,1,1,1,1,1,1,1,1,0,1,1,0,1,1,1,90k-120k
727718017,Zachary,Collins,Zachary.Collins000@mymdc.net,0,0,17,94085,0,3.19,2,True,1,0,0,1,0,0,0,1,0,0,1,0,0,1,0,0,1,0,0,1,1,0,0,1,1,1,1,1,0,1,1,0,0,0,0,0,0,1,1,90k-120k
886794942,Heather,Thompson,Heather.Thompson000@mymdc.net,1,2,9,71506,1,3.43,2,True,1,0,1,0,0,0,0,1,1,0,0,0,0,0,0,0,0,0,0,1,1,1,0,0,0,1,0,0,0,0,0,0,0,0,1,0,0,0,0,60k-90k
198598602,Beverly,Hogan,Beverly.Hogan000@mymdc.net,0,9,1,96852,0,2.85,1,True,0,0,0,0,0,0,0,0,0,0,0,0,0,0,0,0,0,0,0,1,0,0,0,0,0,0,0,0,0,0,0,0,0,0,0,0,0,0,0,90k-120k
708411102,Debra,Oconnell,Debra.Oconnell000@mymdc.net,1,7,21,71384,1,3.29,2,True,0,0,0,0,1,1,1,1,0,0,0,1,1,0,1,1,1,0,1,0,1,0,0,1,0,1,1,1,0,0,0,1,1,0,1,1,0,1,1,60k-90k
455886449,Gabriella,Bryant,Gabriella.Bryant000@mymdc.net,0,0,28,85381,0,3.06,2,True,1,1,1,1,1,1,0,1,0,0,1,1,1,1,1,1,0,1,1,0,0,1,1,1,0,1,0,1,1,1,1,1,1,1,1,0,0,0,1,60k-90k
875807588,Andrew,Murphy,Andrew.Murphy000@mymdc.net,0,6,1,103663,0,3.27,2,True,0,0,0,0,0,0,0,0,0,0,0,0,0,0,0,0,0,0,0,0,0,0,0,0,0,0,0,0,0,0,0,0,0,0,0,0,1,0,0,90k-120k
289444203,Audrey,Barron,Audrey.Barron000@mymdc.net,1,8,27,86702,0,2.82,1,True,1,0,1,0,0,1,0,1,1,1,1,0,0,1,0,0,1,1,1,1,1,1,1,0,0,1,1,1,1,0,0,1,1,1,1,1,1,1,1,60k-90k
228872618,Kevin,Sullivan,Kevin.Sullivan000@mymdc.net,1,4,23,86978,0,2.43,3,True,0,1,0,1,0,1,0,0,1,1,1,0,1,0,1,0,1,1,1,1,1,1,0,1,0,0,0,0,1,1,1,1,1,0,1,0,0,1,1,60k-90k
198598602,Beverly,Hogan,Beverly.Hogan000@mymdc.net,0,9,1,96852,0,2.85,1,True,0,0,0,0,0,0,0,0,0,0,0,0,0,0,0,0,0,0,0,1,0,0,0,0,0,0,0,0,0,0,0,0,0,0,0,0,0,0,0,90k-120k
708562633,Henry,Roberts,Henry.Roberts000@mymdc.net,0,1,10,80350,0,3.94,0,True,0,1,0,0,0,1,0,1,0,0,0,0,0,0,0,1,0,0,1,0,0,0,0,0,0,0,1,0,0,0,1,1,1,0,0,1,0,0,0,60k-90k
704714463,Brian,Brooks,Brian.Brooks000@mymdc.net,0,3,3,99803,0,2.2,3,True,0,0,0,0,0,0,0,0,1,0,0,0,0,0,0,0,0,0,0,0,0,0,0,0,0,0,0,0,0,1,0,0,0,0,0,1,0,0,0,90k-120k
517164363,Vicki,Levy,Vicki.Levy000@mymdc.net,0,9,34,95477,0,3.04,2,True,1,1,1,1,1,1,1,1,0,1,0,1,1,1,1,0,1,0,1,1,1,1,1,1,1,1,1,1,1,0,1,1,1,1,1,1,1,1,1,90k-120k
673839625,Jeremy,Long,Jeremy.Long000@mymdc.net,0,1,34,80051,0,2.72,1,True,1,1,1,1,1,1,1,1,1,1,1,1,1,1,1,1,1,1,1,0,0,1,1,1,1,1,1,0,1,1,1,1,1,1,1,0,1,1,0,60k-90k
473856996,Rose,Gamble,Rose.Gamble000@mymdc.net,0,6,20,104095,0,2.55,1,True,0,1,0,1,0,1,0,1,1,1,0,0,1,1,1,1,0,0,1,1,1,0,1,0,0,1,1,1,0,0,1,0,1,0,1,0,0,0,0,90k-120k
727718017,Zachary,Collins,Zachary.Collins000@mymdc.net,0,0,17,94085,0,3.19,2,True,1,0,0,1,0,0,0,1,0,0,1,0,0,1,0,0,1,0,0,1,1,0,0,1,1,1,1,1,0,1,1,0,0,0,0,0,0,1,1,90k-120k
112174468,Wesley,Daniel,Wesley.Daniel000@mymdc.net,0,1,24,105332,0,3.91,0,True,0,0,1,0,0,0,1,1,1,0,1,1,1,1,0,0,1,0,1,1,1,1,1,1,1,0,1,1,1,0,0,1,1,0,1,1,1,0,0,90k-120k
547773425,Jacqueline,Little,Jacqueline.Little000@mymdc.net,1,7,16,84996,0,3.46,2,True,1,0,0,0,0,1,1,0,0,0,0,1,1,1,1,0,0,0,1,0,0,1,0,1,1,0,0,1,0,1,1,1,0,1,0,0,0,0,0,60k-90k
328532838,Alexandra,Santos,Alexandra.Santos000@mymdc.net,1,5,33,93498,0,2.12,3,True,1,0,1,1,1,1,1,0,0,1,0,0,1,1,1,1,1,1,1,1,1,1,1,1,1,1,1,1,1,1,1,1,1,1,0,1,1,1,1,90k-120k
704322266,Scott,Perez,Scott.Perez000@mymdc.net,0,3,34,108269,0,2.13,3,True,1,1,1,1,1,1,1,1,0,1,1,0,1,1,1,0,1,1,1,1,1,1,1,0,1,1,1,1,1,1,1,1,1,1,1,1,1,1,0,90k-120k
112205734,Mary,Douglas,Mary.Douglas000@mymdc.net,1,2,32,93961,0,3.13,2,True,1,1,1,1,1,1,1,1,0,1,1,0,1,1,0,1,0,0,1,1,1,1,1,1,1,0,1,1,1,1,1,1,1,1,1,0,1,1,1,90k-120k
285582264,Dave,Hoffman,Dave.Hoffman000@mymdc.net,1,7,37,70721,1,3.13,2,True,0,1,1,1,1,1,1,1,1,1,1,1,1,1,1,1,1,1,1,1,1,1,1,1,0,1,1,1,1,1,1,1,1,1,1,1,1,1,1,60k-90k
771636322,Joan,Giles,Joan.Giles000@mymdc.net,0,0,28,97219,0,2.88,1,True,0,0,1,1,1,1,1,0,1,1,1,1,1,0,0,1,1,1,1,1,1,0,1,1,0,1,1,1,0,1,0,0,1,1,1,0,1,1,1,90k-120k
723324962,Christopher,Valenzuela,Christopher.Valenzuela000@mymdc.net,1,8,34,70109,1,3.09,2,True,1,1,1,1,1,1,1,1,1,1,1,1,1,1,0,1,1,0,1,1,1,1,0,1,1,1,1,1,1,0,1,1,1,1,1,1,1,1,0,60k-90k
727718017,Zachary,Collins,Zachary.Collins000@mymdc.net,0,0,17,94085,0,3.19,2,True,1,0,0,1,0,0,0,1,0,0,1,0,0,1,0,0,1,0,0,1,1,0,0,1,1,1,1,1,0,1,1,0,0,0,0,0,0,1,1,90k-120k
190694661,Joshua,Cooke,Joshua.Cooke000@mymdc.net,0,3,4,105312,0,2.69,1,True,0,0,0,0,0,0,0,0,0,1,0,0,0,0,0,0,0,0,0,0,0,0,0,0,1,0,1,0,0,1,0,0,0,0,0,0,0,0,0,90k-120k
355244512,Briana,Francis,Briana.Francis000@mymdc.net,1,2,22,69597,1,2.67,1,True,0,0,0,1,1,1,0,0,1,0,1,1,1,1,1,0,0,1,1,0,0,0,1,0,1,0,0,1,0,1,0,1,1,1,1,1,0,1,1,60k-90k
678944605,Deborah,Welch,Deborah.Welch000@mymdc.net,1,7,3,77429,1,2.96,1,True,0,1,0,0,1,0,0,0,0,0,0,0,0,0,0,0,0,0,0,0,0,0,0,0,0,0,0,1,0,0,0,0,0,0,0,0,0,0,0,60k-90k
708562633,Henry,Roberts,Henry.Roberts000@mymdc.net,0,1,10,80350,0,3.94,0,True,0,1,0,0,0,1,0,1,0,0,0,0,0,0,0,1,0,0,1,0,0,0,0,0,0,0,1,0,0,0,1,1,1,0,0,1,0,0,0,60k-90k
605418453,Wanda,Fitzgerald,Wanda.Fitzgerald000@mymdc.net,0,9,13,96542,0,3.51,0,True,0,0,1,0,1,0,0,0,0,0,1,0,0,0,0,0,0,1,1,1,0,0,1,0,1,0,1,1,0,0,0,1,1,0,1,0,0,0,0,90k-120k
198598602,Beverly,Hogan,Beverly.Hogan000@mymdc.net,0,9,1,96852,0,2.85,1,True,0,0,0,0,0,0,0,0,0,0,0,0,0,0,0,0,0,0,0,1,0,0,0,0,0,0,0,0,0,0,0,0,0,0,0,0,0,0,0,90k-120k
875807588,Andrew,Murphy,Andrew.Murphy000@mymdc.net,0,6,1,103663,0,3.27,2,True,0,0,0,0,0,0,0,0,0,0,0,0,0,0,0,0,0,0,0,0,0,0,0,0,0,0,0,0,0,0,0,0,0,0,0,0,1,0,0,90k-120k
905371511,Lucas,Williams,Lucas.Williams000@mymdc.net,0,6,37,98771,0,3.21,2,True,1,1,1,1,1,1,1,1,1,1,1,1,1,1,1,1,1,0,1,1,1,1,1,1,1,1,1,0,1,1,1,1,1,1,1,1,1,1,1,90k-120k
118605046,Susan,Padilla,Susan.Padilla000@mymdc.net,0,0,4,93789,0,2.86,1,True,0,0,0,0,1,0,0,0,0,0,0,0,0,0,0,0,0,0,0,0,0,0,1,0,0,1,0,0,1,0,0,0,0,0,0,0,0,0,0,90k-120k
984935619,Jodi,Fuentes,Jodi.Fuentes000@mymdc.net,1,5,12,90289,0,2.54,1,True,0,1,0,0,0,1,0,0,0,0,0,0,1,0,1,0,0,1,1,0,0,0,0,0,1,0,0,0,0,0,1,1,1,0,0,1,1,0,0,90k-120k
787231606,Cody,Monroe,Cody.Monroe000@mymdc.net,0,1,26,91002,0,2.47,3,True,1,1,0,1,1,0,0,0,0,1,1,1,1,1,1,0,1,1,1,1,1,0,0,0,1,1,1,1,1,1,1,1,0,0,1,1,0,0,1,90k-120k
328468072,David,Rivera,David.Rivera000@mymdc.net,0,0,33,84342,0,2.59,1,True,1,0,0,0,1,0,1,1,1,1,1,1,0,1,1,0,1,1,1,1,1,1,1,1,1,1,1,1,1,1,1,1,1,1,1,1,1,1,1,60k-90k
112174468,Wesley,Daniel,Wesley.Daniel000@mymdc.net,0,1,24,105332,0,3.91,0,True,0,0,1,0,0,0,1,1,1,0,1,1,1,1,0,0,1,0,1,1,1,1,1,1,1,0,1,1,1,0,0,1,1,0,1,1,1,0,0,90k-120k
196815871,Pamela,Smith,Pamela.Smith001@mymdc.net,1,7,21,89693,0,3.78,0,True,0,1,1,1,0,1,0,0,1,0,1,1,0,1,0,1,0,1,1,1,1,1,0,1,1,0,0,1,0,0,0,1,0,0,0,1,1,0,1,60k-90k
213425767,William,Morales,William.Morales000@mymdc.net,0,6,1,87712,0,3.22,2,True,0,0,0,0,0,0,0,0,0,0,0,0,0,0,0,1,0,0,0,0,0,0,0,0,0,0,0,0,0,0,0,0,0,0,0,0,0,0,0,60k-90k
555493354,Meagan,Ramos,Meagan.Ramos000@mymdc.net,1,2,22,73452,1,2.47,3,True,0,0,1,1,0,0,1,1,1,0,1,0,1,1,1,1,0,1,0,0,1,0,0,1,1,1,1,0,1,0,0,1,0,0,1,1,0,1,1,60k-90k
645958072,Katherine,Murphy,Katherine.Murphy000@mymdc.net,0,6,32,93675,0,2.3,3,True,1,1,1,1,1,1,0,0,1,1,1,1,1,1,1,1,0,1,1,1,1,1,0,1,0,1,1,1,1,0,1,1,1,1,1,1,1,1,0,90k-120k
724178879,Joe,Larson,Joe.Larson000@mymdc.net,0,6,23,95284,0,3.72,0,True,1,1,0,1,1,1,0,1,1,0,0,1,1,0,1,1,0,0,0,0,0,1,1,1,1,0,1,1,0,1,0,1,0,1,1,0,1,0,1,90k-120k
257551443,Patricia,Smith,Patricia.Smith000@mymdc.net,0,1,20,89199,0,2.93,1,True,1,0,0,0,0,0,0,1,1,1,0,1,0,0,0,1,0,1,1,1,0,0,1,1,1,0,0,1,0,1,1,0,1,1,1,1,1,0,0,60k-90k
718247014,Patrick,Walton,Patrick.Walton000@mymdc.net,0,0,25,84372,0,2.43,3,True,0,1,1,1,1,1,0,0,1,1,0,1,1,1,1,0,1,1,0,1,0,1,0,1,0,1,0,1,1,1,1,1,0,0,0,1,0,1,1,60k-90k
161301620,Ann,Sanders,Ann.Sanders000@mymdc.net,1,4,30,70915,1,2.85,1,True,1,0,0,0,1,1,1,0,1,1,1,1,1,0,1,1,1,0,1,1,1,0,0,1,1,1,1,1,1,0,1,1,1,1,1,1,1,1,1,60k-90k
166724597,Karen,Cross,Karen.Cross000@mymdc.net,0,1,22,81768,0,3.7,0,True,0,1,1,1,1,1,1,0,1,1,0,1,0,1,1,1,0,0,0,0,1,1,0,0,0,1,0,1,1,1,1,0,0,1,1,0,0,1,0,60k-90k
954356090,Matthew,Dean,Matthew.Dean000@mymdc.net,1,7,30,71106,1,3.47,2,True,1,1,1,1,1,1,1,0,0,1,1,0,1,1,1,1,0,1,1,0,1,1,0,1,0,1,1,1,1,1,1,1,1,0,1,1,1,0,1,60k-90k
937243952,Joshua,Anderson,Joshua.Anderson000@mymdc.net,0,1,5,82693,0,2.29,3,True,0,0,0,0,0,0,0,0,0,0,0,0,0,0,0,0,0,0,0,0,1,0,0,0,0,1,1,1,1,0,0,0,0,0,0,0,0,0,0,60k-90k
257551443,Patricia,Smith,Patricia.Smith000@mymdc.net,0,1,20,89199,0,2.93,1,True,1,0,0,0,0,0,0,1,1,1,0,1,0,0,0,1,0,1,1,1,0,0,1,1,1,0,0,1,0,1,1,0,1,1,1,1,1,0,0,60k-90k
196815871,Pamela,Smith,Pamela.Smith001@mymdc.net,1,7,21,89693,0,3.78,0,True,0,1,1,1,0,1,0,0,1,0,1,1,0,1,0,1,0,1,1,1,1,1,0,1,1,0,0,1,0,0,0,1,0,0,0,1,1,0,1,60k-90k
727718017,Zachary,Collins,Zachary.Collins000@mymdc.net,0,0,17,94085,0,3.19,2,True,1,0,0,1,0,0,0,1,0,0,1,0,0,1,0,0,1,0,0,1,1,0,0,1,1,1,1,1,0,1,1,0,0,0,0,0,0,1,1,90k-120k
184177874,Lisa,Carter,Lisa.Carter000@mymdc.net,0,0,22,82830,0,2.42,3,True,1,1,1,0,1,1,0,1,1,0,0,1,0,1,0,1,0,0,1,1,1,0,0,1,0,1,1,1,0,0,0,0,0,1,0,1,1,1,1,60k-90k
221428436,Rebecca,Wolf,Rebecca.Wolf000@mymdc.net,0,1,15,87890,0,2.35,3,True,0,1,1,0,1,0,0,0,0,0,0,1,1,0,1,0,1,1,1,1,0,0,0,0,0,0,1,0,0,1,1,0,1,1,0,0,0,0,0,60k-90k
939914280,Yolanda,Walker,Yolanda.Walker000@mymdc.net,0,3,35,90894,0,2.42,3,True,0,1,1,1,1,1,1,1,1,1,1,1,1,1,1,1,1,0,1,1,0,1,1,1,1,1,1,1,1,1,1,1,1,1,1,1,1,1,0,90k-120k
318348308,Amanda,Garcia,Amanda.Garcia000@mymdc.net,0,6,9,97962,0,3.5,2,True,0,0,0,0,0,1,0,0,0,0,1,0,0,0,1,0,0,1,0,0,0,0,0,0,0,0,1,0,0,0,0,1,0,1,0,1,0,1,0,90k-120k
350619347,Cynthia,Barker,Cynthia.Barker000@mymdc.net,1,2,26,74989,1,3.02,2,True,0,1,1,0,1,1,1,0,0,1,0,0,1,1,1,1,0,1,0,1,1,1,0,0,1,0,1,1,0,1,1,1,1,1,1,1,1,0,1,60k-90k
367425640,Courtney,Barker,Courtney.Barker000@mymdc.net,1,5,20,76874,1,2.86,1,True,1,0,1,1,1,1,0,0,0,1,1,1,1,0,1,1,0,0,0,1,0,0,0,0,0,1,0,0,1,0,1,1,1,0,1,0,1,0,1,60k-90k
716387961,Colleen,Sparks,Colleen.Sparks000@mymdc.net,0,6,1,96546,0,2.61,1,True,0,0,0,0,0,0,0,0,0,0,0,0,0,0,0,0,0,0,0,0,0,0,0,0,0,0,0,0,0,1,0,0,0,0,0,0,0,0,0,90k-120k
519921441,Oscar,Perez,Oscar.Perez000@mymdc.net,1,7,12,92204,0,2.68,1,True,0,1,0,0,0,0,0,0,0,0,0,0,1,0,1,0,1,0,0,0,0,0,0,0,0,1,1,0,1,0,1,1,0,1,1,0,1,0,0,90k-120k
708562633,Henry,Roberts,Henry.Roberts000@mymdc.net,0,1,10,80350,0,3.94,0,True,0,1,0,0,0,1,0,1,0,0,0,0,0,0,0,1,0,0,1,0,0,0,0,0,0,0,1,0,0,0,1,1,1,0,0,1,0,0,0,60k-90k
192335256,Mary,Jones,Mary.Jones000@mymdc.net,0,1,38,85174,0,2.96,1,True,1,1,1,1,1,1,1,1,1,1,1,1,0,1,1,1,1,1,1,1,1,1,1,1,1,1,1,1,1,1,1,1,1,1,1,1,1,1,1,60k-90k
243777702,Tyler,Gonzalez,Tyler.Gonzalez000@mymdc.net,0,9,38,85324,0,3.7,0,True,1,1,1,1,1,1,1,1,1,1,1,1,1,1,1,1,0,1,1,1,1,1,1,1,1,1,1,1,1,1,1,1,1,1,1,1,1,1,1,60k-90k
397236565,Linda,Branch,Linda.Branch000@mymdc.net,1,5,19,79253,1,2.98,1,True,1,1,0,1,0,0,0,0,1,1,0,1,1,0,0,0,0,0,1,1,1,1,0,0,1,1,0,0,1,0,1,0,1,1,0,0,0,1,1,60k-90k
118605046,Susan,Padilla,Susan.Padilla000@mymdc.net,0,0,4,93789,0,2.86,1,True,0,0,0,0,1,0,0,0,0,0,0,0,0,0,0,0,0,0,0,0,0,0,1,0,0,1,0,0,1,0,0,0,0,0,0,0,0,0,0,90k-120k
361243983,Justin,Sanchez,Justin.Sanchez000@mymdc.net,0,9,9,109097,0,2.86,1,True,0,0,1,0,0,0,0,1,0,1,0,1,0,0,0,0,0,0,0,0,1,0,1,0,0,1,0,0,0,0,0,0,0,1,0,0,1,0,0,90k-120k
570674644,Daniel,Snyder,Daniel.Snyder000@mymdc.net,1,2,18,89528,0,2.78,1,True,0,0,1,1,0,1,0,1,1,0,1,0,1,1,0,0,1,0,1,0,0,0,1,0,0,0,1,0,1,1,0,0,1,1,0,1,0,0,1,60k-90k
122982930,Ashley,Shepard,Ashley.Shepard000@mymdc.net,0,3,25,102294,0,2.88,1,True,1,0,1,1,1,1,0,1,1,0,0,1,1,1,1,0,1,0,0,0,1,1,0,1,1,1,0,1,1,1,1,0,1,1,1,0,0,1,0,90k-120k
858586343,Jeremy,Pineda,Jeremy.Pineda000@mymdc.net,1,4,32,91146,0,2.52,1,True,1,1,1,1,1,1,1,1,1,1,0,1,0,1,1,1,1,1,1,1,1,0,0,1,1,1,1,1,0,1,0,1,1,1,0,1,1,1,1,90k-120k
325517454,Ashley,Shelton,Ashley.Shelton000@mymdc.net,1,8,30,87631,0,2.46,3,True,1,1,1,0,1,1,1,1,1,1,1,0,0,0,1,1,1,0,0,1,1,1,1,1,0,1,1,1,1,1,1,1,1,1,1,1,1,0,0,60k-90k
276334003,Patricia,Davis,Patricia.Davis000@mymdc.net,1,2,11,69012,1,3.74,0,True,0,0,0,0,1,1,0,0,0,0,0,1,0,0,0,0,1,0,0,0,1,0,0,1,0,0,0,1,1,1,0,1,0,0,0,1,0,0,0,60k-90k
108517214,Jessica,Morris,Jessica.Morris000@mymdc.net,0,3,33,90611,0,3.06,2,True,1,1,1,1,1,1,1,1,1,1,1,1,1,1,0,1,1,1,1,1,1,1,1,0,0,0,1,1,1,0,1,1,1,0,1,1,1,1,1,90k-120k
858586343,Jeremy,Pineda,Jeremy.Pineda000@mymdc.net,1,4,32,91146,0,2.52,1,True,1,1,1,1,1,1,1,1,1,1,0,1,0,1,1,1,1,1,1,1,1,0,0,1,1,1,1,1,0,1,0,1,1,1,0,1,1,1,1,90k-120k
324372077,James,Gardner,James.Gardner000@mymdc.net,1,5,8,67459,1,2.52,1,True,0,0,0,1,0,0,0,0,0,0,0,0,0,1,0,0,0,0,1,1,0,0,0,1,0,1,0,0,0,0,0,1,0,1,0,0,0,0,0,60k-90k
147182818,Billy,Turner,Billy.Turner000@mymdc.net,1,5,6,73003,1,3.25,2,True,0,0,1,0,0,0,0,0,0,0,0,1,0,0,0,0,0,0,0,0,0,0,0,0,0,0,0,0,0,1,0,1,1,0,0,1,0,0,0,60k-90k
655311468,Jason,Martin,Jason.Martin000@mymdc.net,1,4,2,87280,0,3.69,0,True,0,0,1,0,0,0,0,0,0,1,0,0,0,0,0,0,0,0,0,0,0,0,0,0,0,0,0,0,0,0,0,0,0,0,0,0,0,0,0,60k-90k
213425767,William,Morales,William.Morales000@mymdc.net,0,6,1,87712,0,3.22,2,True,0,0,0,0,0,0,0,0,0,0,0,0,0,0,0,1,0,0,0,0,0,0,0,0,0,0,0,0,0,0,0,0,0,0,0,0,0,0,0,60k-90k
449724178,Sean,Pena,Sean.Pena000@mymdc.net,1,5,23,72385,1,3.36,2,True,0,1,0,1,1,1,1,0,1,0,0,0,1,0,1,0,1,1,1,1,0,1,0,1,1,1,1,0,1,1,0,0,0,1,0,1,1,1,0,60k-90k
981729290,Timothy,Watts,Timothy.Watts000@mymdc.net,0,0,30,104883,0,2.39,3,True,1,1,1,1,1,1,1,0,1,1,1,0,1,1,1,0,1,1,1,0,0,1,1,1,1,1,0,1,0,0,1,1,1,1,0,1,1,1,1,90k-120k
889255456,Jeffery,Kramer,Jeffery.Kramer000@mymdc.net,1,4,13,86308,0,3.0,1,True,1,0,1,0,0,0,0,0,0,1,0,1,0,0,0,0,0,1,0,1,1,0,1,0,0,0,0,0,1,0,0,1,1,0,0,0,1,1,0,60k-90k
328468072,David,Rivera,David.Rivera000@mymdc.net,0,0,33,84342,0,2.59,1,True,1,0,0,0,1,0,1,1,1,1,1,1,0,1,1,0,1,1,1,1,1,1,1,1,1,1,1,1,1,1,1,1,1,1,1,1,1,1,1,60k-90k
659243861,Alice,Davis,Alice.Davis000@mymdc.net,1,7,38,76411,1,3.71,0,True,1,1,1,1,1,1,1,1,1,1,1,1,1,1,1,1,1,1,1,1,1,1,1,1,1,1,1,1,1,1,1,1,1,1,1,1,1,0,1,60k-90k
985193441,Eric,Salazar,Eric.Salazar000@mymdc.net,0,3,8,94938,0,2.59,1,True,0,0,0,0,0,0,0,0,0,1,1,0,1,0,0,0,1,1,0,0,0,1,0,1,0,0,0,1,0,0,0,0,0,0,0,0,0,0,0,90k-120k
455886449,Gabriella,Bryant,Gabriella.Bryant000@mymdc.net,0,0,28,85381,0,3.06,2,True,1,1,1,1,1,1,0,1,0,0,1,1,1,1,1,1,0,1,1,0,0,1,1,1,0,1,0,1,1,1,1,1,1,1,1,0,0,0,1,60k-90k
493213246,Bryan,Reyes,Bryan.Reyes000@mymdc.net,1,7,17,66116,1,2.46,3,True,0,1,0,0,1,1,0,0,1,1,1,0,1,0,1,0,1,0,1,1,1,1,1,1,0,0,0,1,0,0,1,0,0,0,0,0,0,0,0,60k-90k
394212503,Raymond,Fields,Raymond.Fields000@mymdc.net,0,6,30,88034,0,2.92,1,True,1,1,1,0,1,0,1,1,0,1,1,1,0,1,1,0,0,1,0,1,1,1,1,1,1,1,0,1,1,1,1,1,1,1,0,1,1,1,1,60k-90k
456408988,Candace,Parks,Candace.Parks000@mymdc.net,0,9,14,84183,0,2.94,1,True,1,1,0,0,0,0,0,0,0,0,0,0,1,0,0,0,1,1,0,1,0,1,0,0,0,1,1,0,1,0,0,0,1,1,0,1,0,0,1,60k-90k
954356090,Matthew,Dean,Matthew.Dean000@mymdc.net,1,7,30,71106,1,3.47,2,True,1,1,1,1,1,1,1,0,0,1,1,0,1,1,1,1,0,1,1,0,1,1,0,1,0,1,1,1,1,1,1,1,1,0,1,1,1,0,1,60k-90k
114196877,Kaitlyn,Bright,Kaitlyn.Bright000@mymdc.net,0,6,38,102545,0,3.18,2,True,1,1,1,1,1,1,1,0,1,1,1,1,1,1,1,1,1,1,1,1,1,1,1,1,1,1,1,1,1,1,1,1,1,1,1,1,1,1,1,90k-120k
318348308,Amanda,Garcia,Amanda.Garcia000@mymdc.net,0,6,9,97962,0,3.5,2,True,0,0,0,0,0,1,0,0,0,0,1,0,0,0,1,0,0,1,0,0,0,0,0,0,0,0,1,0,0,0,0,1,0,1,0,1,0,1,0,90k-120k
459731042,Brandon,Peters,Brandon.Peters000@mymdc.net,1,2,32,86609,0,2.02,3,True,1,1,1,0,1,1,1,1,1,1,1,1,1,1,0,1,0,1,1,1,1,1,1,1,0,1,1,0,1,0,1,1,1,0,1,1,1,1,1,60k-90k
212563410,Robert,Richardson,Robert.Richardson000@mymdc.net,0,1,9,85735,0,2.81,1,True,0,0,0,0,0,1,0,0,0,0,0,0,0,1,1,0,0,0,0,0,0,1,0,0,1,0,0,1,1,0,0,0,1,0,1,0,0,0,0,60k-90k
690689529,Anthony,Moore,Anthony.Moore000@mymdc.net,0,9,5,100368,0,2.18,3,True,0,0,0,0,0,0,1,0,0,1,1,0,0,0,0,0,0,0,0,0,0,0,0,1,0,0,0,0,0,0,0,0,0,1,0,0,0,0,0,90k-120k
119405136,Rebecca,Murphy,Rebecca.Murphy000@mymdc.net,0,9,30,93590,0,3.01,2,True,1,0,1,1,1,1,0,1,1,1,1,1,1,1,0,1,1,1,1,0,1,0,1,1,1,1,0,1,1,1,1,1,0,1,0,1,0,1,1,90k-120k
847818811,Craig,Phillips,Craig.Phillips000@mymdc.net,1,8,16,83363,0,3.61,0,True,1,0,1,1,0,0,1,0,0,0,0,0,0,0,1,0,0,0,0,0,0,0,0,0,1,1,1,0,1,1,1,1,0,0,1,0,1,1,1,60k-90k
858586343,Jeremy,Pineda,Jeremy.Pineda000@mymdc.net,1,4,32,91146,0,2.52,1,True,1,1,1,1,1,1,1,1,1,1,0,1,0,1,1,1,1,1,1,1,1,0,0,1,1,1,1,1,0,1,0,1,1,1,0,1,1,1,1,90k-120k
355244512,Briana,Francis,Briana.Francis000@mymdc.net,1,2,22,69597,1,2.67,1,True,0,0,0,1,1,1,0,0,1,0,1,1,1,1,1,0,0,1,1,0,0,0,1,0,1,0,0,1,0,1,0,1,1,1,1,1,0,1,1,60k-90k
484189048,Jennifer,Lopez,Jennifer.Lopez000@mymdc.net,1,4,36,78822,1,2.84,1,True,1,1,1,1,1,1,1,1,1,1,1,1,1,0,1,1,1,1,1,1,1,1,1,0,1,1,1,1,1,1,1,1,1,1,1,1,1,1,0,60k-90k
592683078,Vickie,Vasquez,Vickie.Vasquez000@mymdc.net,0,0,16,87058,0,2.68,1,True,1,1,1,1,1,1,1,0,0,1,1,0,0,0,0,0,0,0,1,0,0,1,0,0,0,1,1,1,1,0,0,0,0,0,1,0,0,0,0,60k-90k
339428757,Patrick,Boyd,Patrick.Boyd000@mymdc.net,0,6,12,102152,0,2.86,1,True,0,1,0,0,1,0,0,0,0,1,1,0,1,0,0,0,0,1,1,0,0,0,0,1,0,0,1,1,0,0,0,1,0,0,0,0,0,1,0,90k-120k
908761081,Bryan,Schaefer,Bryan.Schaefer000@mymdc.net,0,1,33,99129,0,2.77,1,True,1,1,0,1,1,0,1,1,1,1,1,1,1,0,1,1,1,0,1,1,0,1,1,1,1,1,1,1,1,1,1,1,1,1,1,0,1,1,1,90k-120k
626201412,Jennifer,Mayer,Jennifer.Mayer000@mymdc.net,1,5,36,85981,0,3.56,0,True,1,1,1,1,1,1,1,1,1,1,1,1,1,1,1,1,0,1,1,1,1,1,1,0,1,1,1,1,1,1,1,1,1,1,1,1,1,0,1,60k-90k
184177874,Lisa,Carter,Lisa.Carter000@mymdc.net,0,0,22,82830,0,2.42,3,True,1,1,1,0,1,1,0,1,1,0,0,1,0,1,0,1,0,0,1,1,1,0,0,1,0,1,1,1,0,0,0,0,0,1,0,1,1,1,1,60k-90k
895622621,Sandra,Wilson,Sandra.Wilson000@mymdc.net,0,6,36,97939,0,3.1,2,True,1,1,1,1,1,1,1,1,1,1,1,0,0,1,1,1,1,1,1,1,1,1,1,1,0,1,1,1,1,1,1,1,1,1,1,1,1,1,1,90k-120k
804625093,Jose,Meyer,Jose.Meyer000@mymdc.net,0,1,38,81489,0,2.76,1,True,1,1,1,1,1,1,1,1,1,1,1,1,1,1,1,1,1,1,1,1,1,1,1,1,1,1,1,1,0,1,1,1,1,1,1,1,1,1,1,60k-90k
984935619,Jodi,Fuentes,Jodi.Fuentes000@mymdc.net,1,5,12,90289,0,2.54,1,True,0,1,0,0,0,1,0,0,0,0,0,0,1,0,1,0,0,1,1,0,0,0,0,0,1,0,0,0,0,0,1,1,1,0,0,1,1,0,0,90k-120k
878205283,Jennifer,Jacobson,Jennifer.Jacobson000@mymdc.net,0,0,7,81106,0,2.86,1,True,1,0,1,0,1,0,1,0,0,0,0,1,0,0,0,0,0,0,0,0,0,0,0,0,0,0,0,1,0,0,0,0,1,0,0,0,0,0,0,60k-90k
558744476,Jennifer,Weaver,Jennifer.Weaver000@mymdc.net,0,3,37,100286,0,3.68,0,True,1,0,1,1,1,1,1,1,1,1,1,1,1,1,1,1,1,1,1,1,1,1,1,1,1,1,1,1,1,1,1,0,1,1,1,1,1,1,1,90k-120k
369164625,William,Wilson,William.Wilson000@mymdc.net,1,5,22,72510,1,3.03,2,True,0,1,0,1,0,1,0,1,1,0,1,1,0,1,1,1,0,0,1,1,1,0,0,1,0,1,0,0,1,1,0,0,1,1,1,1,1,0,0,60k-90k
851656260,Jennifer,Gonzalez,Jennifer.Gonzalez000@mymdc.net,1,2,13,78449,1,3.06,2,True,1,1,1,0,0,0,0,0,0,1,0,0,0,0,0,0,0,0,0,1,0,1,1,0,1,0,0,0,0,0,0,1,1,1,0,0,1,0,1,60k-90k
562133880,Brittany,Davies,Brittany.Davies000@mymdc.net,0,9,36,96024,0,2.36,3,True,1,1,0,1,1,1,1,1,1,1,1,1,1,1,1,0,1,1,1,0,1,1,1,1,1,1,1,1,1,1,1,1,1,1,1,1,1,1,1,90k-120k
878205283,Jennifer,Jacobson,Jennifer.Jacobson000@mymdc.net,0,0,7,81106,0,2.86,1,True,1,0,1,0,1,0,1,0,0,0,0,1,0,0,0,0,0,0,0,0,0,0,0,0,0,0,0,1,0,0,0,0,1,0,0,0,0,0,0,60k-90k
905371511,Lucas,Williams,Lucas.Williams000@mymdc.net,0,6,37,98771,0,3.21,2,True,1,1,1,1,1,1,1,1,1,1,1,1,1,1,1,1,1,0,1,1,1,1,1,1,1,1,1,0,1,1,1,1,1,1,1,1,1,1,1,90k-120k
191803003,Tracie,Crosby,Tracie.Crosby000@mymdc.net,0,3,20,80862,0,2.18,3,True,1,1,0,1,1,1,0,0,0,0,1,1,1,1,1,0,1,1,1,0,1,0,1,0,0,0,0,1,0,1,0,1,1,0,1,0,0,0,0,60k-90k
328468072,David,Rivera,David.Rivera000@mymdc.net,0,0,33,84342,0,2.59,1,True,1,0,0,0,1,0,1,1,1,1,1,1,0,1,1,0,1,1,1,1,1,1,1,1,1,1,1,1,1,1,1,1,1,1,1,1,1,1,1,60k-90k
114196877,Kaitlyn,Bright,Kaitlyn.Bright000@mymdc.net,0,6,38,102545,0,3.18,2,True,1,1,1,1,1,1,1,0,1,1,1,1,1,1,1,1,1,1,1,1,1,1,1,1,1,1,1,1,1,1,1,1,1,1,1,1,1,1,1,90k-120k
191397566,Julie,White,Julie.White000@mymdc.net,0,9,38,105814,0,2.28,3,True,1,1,1,1,1,1,1,1,1,1,1,1,1,1,1,1,1,1,1,1,1,1,1,1,1,1,1,1,1,1,1,1,1,1,1,1,0,1,1,90k-120k
117607965,Joshua,Henderson,Joshua.Henderson000@mymdc.net,1,8,9,69566,1,2.14,3,True,1,0,0,1,0,1,1,1,1,0,0,0,0,0,0,0,0,0,0,0,0,0,1,1,0,1,0,0,0,0,0,0,0,0,0,0,0,0,0,60k-90k
958832445,John,Harris,John.Harris000@mymdc.net,1,7,8,86736,0,3.88,0,True,0,0,1,0,1,0,0,1,0,0,0,1,1,0,0,0,0,1,0,0,0,0,1,0,0,0,0,0,0,0,0,0,1,0,0,0,0,0,0,60k-90k
318424932,Amanda,Taylor,Amanda.Taylor000@mymdc.net,0,3,8,101833,0,2.28,3,True,0,0,0,0,0,1,0,0,0,0,0,1,1,1,0,0,1,0,0,0,0,1,0,1,0,0,0,0,1,0,0,0,0,0,0,0,0,0,0,90k-120k
942341504,Michael,Douglas,Michael.Douglas000@mymdc.net,0,3,21,107954,0,3.43,2,True,0,1,0,0,1,1,0,0,0,1,0,1,1,1,0,0,0,1,0,0,1,1,1,1,1,1,1,1,1,1,1,0,0,1,0,0,0,1,0,90k-120k
207431788,Robert,Wright,Robert.Wright000@mymdc.net,0,0,23,92197,0,3.9,0,True,1,1,0,1,1,0,1,0,1,1,1,1,0,1,0,0,1,1,1,0,1,1,1,1,0,0,0,1,1,0,1,0,0,0,1,1,0,0,1,90k-120k
201423066,Jennifer,Ramirez,Jennifer.Ramirez000@mymdc.net,1,8,32,92168,0,2.98,1,True,1,1,1,1,1,0,1,1,1,1,1,0,1,1,1,1,1,1,1,1,1,1,1,1,1,1,0,0,1,1,1,0,1,0,1,1,0,1,1,90k-120k
858586343,Jeremy,Pineda,Jeremy.Pineda000@mymdc.net,1,4,32,91146,0,2.52,1,True,1,1,1,1,1,1,1,1,1,1,0,1,0,1,1,1,1,1,1,1,1,0,0,1,1,1,1,1,0,1,0,1,1,1,0,1,1,1,1,90k-120k
161301620,Ann,Sanders,Ann.Sanders000@mymdc.net,1,4,30,70915,1,2.85,1,True,1,0,0,0,1,1,1,0,1,1,1,1,1,0,1,1,1,0,1,1,1,0,0,1,1,1,1,1,1,0,1,1,1,1,1,1,1,1,1,60k-90k
212563410,Robert,Richardson,Robert.Richardson000@mymdc.net,0,1,9,85735,0,2.81,1,True,0,0,0,0,0,1,0,0,0,0,0,0,0,1,1,0,0,0,0,0,0,1,0,0,1,0,0,1,1,0,0,0,1,0,1,0,0,0,0,60k-90k
293487107,Levi,Duran,Levi.Duran000@mymdc.net,0,1,18,94321,0,2.14,3,True,0,0,0,1,1,1,1,0,1,1,0,0,1,0,0,0,0,1,0,0,1,0,0,0,1,1,0,1,0,1,0,1,1,0,0,0,1,1,1,90k-120k
878849562,Brandon,Kelly,Brandon.Kelly000@mymdc.net,0,3,3,107805,0,3.64,0,True,0,0,0,0,0,0,0,0,0,0,0,0,0,0,0,0,0,0,0,0,0,0,0,0,0,1,0,0,0,0,0,0,0,0,0,0,0,1,1,90k-120k
493213246,Bryan,Reyes,Bryan.Reyes000@mymdc.net,1,7,17,66116,1,2.46,3,True,0,1,0,0,1,1,0,0,1,1,1,0,1,0,1,0,1,0,1,1,1,1,1,1,0,0,0,1,0,0,1,0,0,0,0,0,0,0,0,60k-90k
289444203,Audrey,Barron,Audrey.Barron000@mymdc.net,1,8,27,86702,0,2.82,1,True,1,0,1,0,0,1,0,1,1,1,1,0,0,1,0,0,1,1,1,1,1,1,1,0,0,1,1,1,1,0,0,1,1,1,1,1,1,1,1,60k-90k
443506707,Susan,Santana,Susan.Santana000@mymdc.net,1,2,8,86153,0,3.06,2,True,0,0,1,0,1,0,0,0,0,0,0,0,0,0,0,0,1,0,0,0,0,1,1,0,0,1,0,0,0,1,0,0,0,0,1,0,0,0,0,60k-90k
445266443,Natasha,Moore,Natasha.Moore000@mymdc.net,0,6,28,95757,0,3.61,0,True,0,0,1,1,0,1,1,0,1,1,0,1,1,1,0,1,1,1,1,1,1,0,1,1,1,1,0,1,1,1,1,1,1,1,1,0,1,0,0,90k-120k
149487920,Spencer,Singleton,Spencer.Singleton000@mymdc.net,0,3,27,100346,0,2.66,1,True,1,0,1,0,1,1,1,1,1,0,1,1,1,0,1,1,1,1,1,1,0,1,0,0,1,1,1,1,1,0,1,0,1,1,1,1,0,0,0,90k-120k
328532838,Alexandra,Santos,Alexandra.Santos000@mymdc.net,1,5,33,93498,0,2.12,3,True,1,0,1,1,1,1,1,0,0,1,0,0,1,1,1,1,1,1,1,1,1,1,1,1,1,1,1,1,1,1,1,1,1,1,0,1,1,1,1,90k-120k
343217939,Stacey,Jordan,Stacey.Jordan000@mymdc.net,0,9,18,106518,0,3.69,0,True,1,0,1,0,0,0,0,1,0,1,0,0,1,1,1,1,0,0,0,1,1,0,0,1,1,0,1,0,1,1,0,1,0,0,1,0,1,0,0,90k-120k
714387942,Brian,Garcia,Brian.Garcia000@mymdc.net,1,7,8,65045,1,2.86,1,True,0,1,0,1,0,0,0,0,0,0,1,0,1,0,0,0,0,0,0,0,0,0,0,0,1,0,0,0,0,0,0,0,1,0,0,1,0,0,1,60k-90k
555493354,Meagan,Ramos,Meagan.Ramos000@mymdc.net,1,2,22,73452,1,2.47,3,True,0,0,1,1,0,0,1,1,1,0,1,0,1,1,1,1,0,1,0,0,1,0,0,1,1,1,1,0,1,0,0,1,0,0,1,1,0,1,1,60k-90k
779539531,Michael,Oneal,Michael.Oneal000@mymdc.net,0,9,9,109421,0,3.5,2,True,0,0,0,0,0,0,0,0,1,0,0,0,0,1,0,1,0,0,0,1,0,0,0,0,1,1,0,0,0,1,0,0,0,1,0,0,0,1,0,90k-120k
328532838,Alexandra,Santos,Alexandra.Santos000@mymdc.net,1,5,33,93498,0,2.12,3,True,1,0,1,1,1,1,1,0,0,1,0,0,1,1,1,1,1,1,1,1,1,1,1,1,1,1,1,1,1,1,1,1,1,1,0,1,1,1,1,90k-120k
547773425,Jacqueline,Little,Jacqueline.Little000@mymdc.net,1,7,16,84996,0,3.46,2,True,1,0,0,0,0,1,1,0,0,0,0,1,1,1,1,0,0,0,1,0,0,1,0,1,1,0,0,1,0,1,1,1,0,1,0,0,0,0,0,60k-90k
576507292,Nicole,Lopez,Nicole.Lopez000@mymdc.net,0,6,26,109365,0,3.06,2,True,1,1,0,0,1,1,1,1,1,1,1,1,0,1,1,0,0,1,1,1,0,0,1,0,1,1,1,0,1,1,1,0,1,1,0,1,0,1,0,90k-120k
753673789,John,Flores,John.Flores000@mymdc.net,1,7,5,92382,0,2.45,3,True,0,0,1,0,1,0,0,1,0,0,0,0,0,0,1,0,0,0,0,0,0,0,0,0,0,0,0,0,0,0,0,0,1,0,0,0,0,0,0,90k-120k
133275808,Haley,King,Haley.King000@mymdc.net,0,3,21,96114,0,2.35,3,True,1,1,1,1,1,1,0,1,1,0,0,1,0,1,0,0,0,0,1,0,0,0,1,0,1,0,1,1,1,0,1,1,0,1,0,1,1,0,0,90k-120k
228872618,Kevin,Sullivan,Kevin.Sullivan000@mymdc.net,1,4,23,86978,0,2.43,3,True,0,1,0,1,0,1,0,0,1,1,1,0,1,0,1,0,1,1,1,1,1,1,0,1,0,0,0,0,1,1,1,1,1,0,1,0,0,1,1,60k-90k
989779447,Michael,Deleon,Michael.Deleon000@mymdc.net,1,2,30,77763,1,3.57,0,True,1,1,1,1,1,1,1,1,1,1,1,1,0,1,1,1,1,1,0,1,0,0,1,0,0,1,0,1,1,1,1,1,0,1,0,1,1,1,1,60k-90k
767259959,Chelsey,Wells,Chelsey.Wells000@mymdc.net,0,9,38,83061,0,2.14,3,True,1,1,1,1,1,1,1,1,1,1,1,1,1,1,1,1,1,1,1,0,1,1,1,1,1,1,1,1,1,1,1,1,1,1,1,1,1,1,1,60k-90k
470117583,Heather,Reese,Heather.Reese000@mymdc.net,0,9,35,107344,0,2.52,1,True,1,1,1,1,1,1,1,1,1,0,1,1,1,1,1,1,1,1,1,1,1,0,1,1,1,1,1,1,1,1,0,1,1,0,1,1,1,1,1,90k-120k
750554753,Jacob,Guzman,Jacob.Guzman000@mymdc.net,0,3,15,84889,0,3.76,0,True,1,0,0,0,1,1,0,0,0,0,1,1,0,0,1,0,0,1,0,0,0,0,1,1,1,0,0,0,0,1,0,0,1,1,0,0,1,0,1,60k-90k
346228113,Andrea,Phillips,Andrea.Phillips000@mymdc.net,0,0,33,96324,0,3.4,2,True,1,1,1,1,1,1,1,1,1,0,1,1,1,1,1,1,1,1,1,1,0,0,1,0,1,1,1,1,0,1,1,1,1,1,1,1,0,1,1,90k-120k
945669465,Joshua,Taylor,Joshua.Taylor000@mymdc.net,0,0,13,86834,0,2.18,3,True,0,1,0,1,1,1,0,0,0,0,1,0,1,0,0,0,0,1,0,0,0,0,1,0,0,0,0,0,0,0,0,1,1,1,0,0,1,1,0,60k-90k
984935619,Jodi,Fuentes,Jodi.Fuentes000@mymdc.net,1,5,12,90289,0,2.54,1,True,0,1,0,0,0,1,0,0,0,0,0,0,1,0,1,0,0,1,1,0,0,0,0,0,1,0,0,0,0,0,1,1,1,0,0,1,1,0,0,90k-120k
547773425,Jacqueline,Little,Jacqueline.Little000@mymdc.net,1,7,16,84996,0,3.46,2,True,1,0,0,0,0,1,1,0,0,0,0,1,1,1,1,0,0,0,1,0,0,1,0,1,1,0,0,1,0,1,1,1,0,1,0,0,0,0,0,60k-90k
559126052,Kevin,Delgado,Kevin.Delgado000@mymdc.net,1,8,24,69653,1,2.45,3,True,0,0,1,1,1,0,0,1,1,1,1,0,1,1,1,1,1,1,0,1,1,1,0,1,0,1,0,0,1,1,0,0,1,0,0,1,1,1,0,60k-90k
170618832,Nicole,Benton,Nicole.Benton000@mymdc.net,0,0,15,83519,0,3.14,2,True,1,1,0,1,0,1,0,0,0,1,0,1,0,1,1,0,0,0,0,1,0,0,1,1,0,1,0,0,0,0,0,0,0,1,0,0,1,1,0,60k-90k
774154734,Raymond,Barnett,Raymond.Barnett000@mymdc.net,0,9,32,106900,0,2.44,3,True,1,1,1,0,1,0,1,0,1,1,1,0,1,1,1,1,1,1,1,1,1,1,1,0,1,0,1,1,1,1,1,1,1,1,1,1,1,1,0,90k-120k
690313902,Rebecca,Nolan,Rebecca.Nolan000@mymdc.net,1,8,36,79567,1,2.77,1,True,1,1,1,1,0,1,1,1,1,1,1,1,1,1,1,1,1,1,0,1,1,1,1,1,1,1,1,1,1,0,1,1,1,1,1,1,1,1,1,60k-90k
631799044,Catherine,Webb,Catherine.Webb000@mymdc.net,0,0,22,105349,0,3.05,2,True,0,1,1,1,1,1,0,1,0,1,0,0,0,0,1,1,1,0,1,0,0,1,0,1,1,0,0,0,1,1,1,0,1,1,1,1,0,0,1,90k-120k
623984106,David,Blackwell,David.Blackwell000@mymdc.net,0,6,33,90990,0,2.24,3,True,1,0,1,1,0,1,1,1,1,1,1,1,1,1,0,1,1,1,0,1,1,1,1,0,1,1,0,1,1,1,1,1,1,1,1,1,1,1,1,90k-120k
704714463,Brian,Brooks,Brian.Brooks000@mymdc.net,0,3,3,99803,0,2.2,3,True,0,0,0,0,0,0,0,0,1,0,0,0,0,0,0,0,0,0,0,0,0,0,0,0,0,0,0,0,0,1,0,0,0,0,0,1,0,0,0,90k-120k
212563410,Robert,Richardson,Robert.Richardson000@mymdc.net,0,1,9,85735,0,2.81,1,True,0,0,0,0,0,1,0,0,0,0,0,0,0,1,1,0,0,0,0,0,0,1,0,0,1,0,0,1,1,0,0,0,1,0,1,0,0,0,0,60k-90k
416154989,Roger,Webb,Roger.Webb000@mymdc.net,0,6,16,93317,0,2.45,3,True,1,1,0,1,0,0,0,0,0,1,0,0,1,0,1,1,0,0,1,0,1,1,1,1,0,0,0,0,0,1,0,1,0,1,0,1,0,0,0,90k-120k
737735326,Karen,Ward,Karen.Ward000@mymdc.net,0,3,38,91152,0,2.85,1,True,1,1,1,1,1,1,1,1,1,1,1,1,1,1,1,1,1,1,1,1,1,1,1,1,1,1,1,0,1,1,1,1,1,1,1,1,1,1,1,90k-120k
406975530,Matthew,Wilson,Matthew.Wilson000@mymdc.net,1,5,18,92033,0,2.89,1,True,0,1,0,0,0,1,0,1,0,0,0,1,1,0,0,0,1,0,1,0,1,0,1,1,0,0,1,1,1,1,1,0,1,1,0,0,0,1,0,90k-120k
324234559,John,Pruitt,John.Pruitt000@mymdc.net,1,4,26,30000,0,2.66,1,False,1,0,0,0,1,0,1,1,1,1,1,1,1,1,1,1,1,1,0,1,0,0,1,0,1,1,1,1,0,1,0,0,1,1,1,0,1,0,1,30k-60k
650719776,Ricky,Whitney,Ricky.Whitney000@mymdc.net,0,3,21,30000,0,3.29,2,False,0,0,1,1,0,1,0,1,0,1,1,1,1,0,1,0,0,1,0,0,0,0,1,0,1,0,1,1,0,1,0,1,1,1,1,0,0,1,1,30k-60k
829277565,Samantha,Bruce,Samantha.Bruce000@mymdc.net,1,2,3,30000,0,3.15,2,False,0,1,0,1,0,0,0,0,0,0,0,0,0,0,0,0,0,0,0,0,0,0,0,0,0,0,1,0,0,0,0,0,0,0,0,0,0,0,0,30k-60k
454882007,Zachary,Galloway,Zachary.Galloway000@mymdc.net,0,0,30,30000,0,3.5,2,False,0,0,1,1,1,1,1,1,1,1,0,1,1,0,1,1,1,1,0,0,1,1,1,1,1,1,1,0,0,1,1,1,0,1,1,1,1,1,1,30k-60k
948261418,Corey,Frazier,Corey.Frazier000@mymdc.net,0,3,23,30000,0,3.17,2,False,0,1,1,0,1,1,1,1,0,0,0,0,1,1,1,0,0,0,1,1,0,1,0,1,1,0,0,1,1,0,1,1,1,1,1,0,1,1,0,30k-60k
340397461,Christina,Morton,Christina.Morton000@mymdc.net,0,1,24,30000,0,2.31,3,False,0,0,1,1,1,1,0,1,1,0,1,0,0,1,1,0,1,1,0,0,0,1,1,1,1,0,0,0,1,0,1,1,1,1,1,0,1,1,1,30k-60k
670704090,Adrian,Houston,Adrian.Houston000@mymdc.net,1,7,1,30000,0,2.03,3,False,0,0,0,0,0,0,0,0,0,0,0,0,0,0,0,0,0,0,0,0,0,0,0,0,0,0,1,0,0,0,0,0,0,0,0,0,0,0,0,30k-60k
989926975,Tara,Vaughan,Tara.Vaughan000@mymdc.net,0,9,14,30000,0,2.28,3,False,0,1,0,0,1,0,1,0,0,0,0,1,0,0,1,0,0,0,0,0,0,1,0,1,0,0,0,1,1,0,0,1,1,1,1,0,0,0,1,30k-60k
245227181,Joyce,Harvey,Joyce.Harvey000@mymdc.net,0,6,39,30000,0,2.91,1,False,1,1,1,1,1,1,1,1,1,1,1,1,1,1,1,1,1,1,1,1,1,1,1,1,1,1,1,1,1,1,1,1,1,1,1,1,1,1,1,30k-60k
868332388,Jorge,Thomas,Jorge.Thomas000@mymdc.net,1,4,3,30000,0,2.08,3,False,0,0,0,0,0,0,0,0,0,0,0,0,0,0,0,0,0,0,0,0,0,0,0,0,0,0,0,1,1,0,0,0,0,0,0,0,0,1,0,30k-60k
242284021,Craig,Wilson,Craig.Wilson000@mymdc.net,0,6,27,30000,0,2.68,1,False,0,0,1,1,0,1,1,1,0,1,0,1,0,1,1,1,1,1,1,0,0,1,1,1,1,1,0,1,1,0,1,1,0,1,1,1,0,1,1,30k-60k
211944772,Christopher,Scott,Christopher.Scott000@mymdc.net,0,3,15,30000,0,3.09,2,False,1,1,1,0,1,0,0,0,1,0,1,0,0,1,1,0,1,0,0,0,0,0,0,0,0,0,0,0,0,1,1,1,1,1,0,0,0,0,1,30k-60k
741961668,Douglas,Taylor,Douglas.Taylor000@mymdc.net,0,0,36,30000,0,3.27,2,False,1,1,1,0,1,1,1,1,1,1,1,1,1,1,1,1,1,1,1,1,1,1,1,1,1,1,1,1,1,1,1,1,1,0,1,1,0,1,1,30k-60k
526633149,Anthony,Perkins,Anthony.Perkins000@mymdc.net,0,0,12,30000,0,2.39,3,False,0,0,1,0,0,1,0,0,0,1,0,0,0,0,1,0,0,1,1,0,1,1,0,0,0,1,1,0,0,0,0,0,0,0,1,0,0,0,1,30k-60k
561366900,Jacqueline,Nguyen,Jacqueline.Nguyen000@mymdc.net,1,5,1,30000,0,2.98,1,False,0,0,0,0,0,0,0,0,0,0,0,0,0,0,0,0,0,0,0,0,0,0,0,0,0,0,0,0,0,0,0,0,0,0,0,1,0,0,0,30k-60k
772469360,John,Thornton,John.Thornton000@mymdc.net,0,3,23,30000,0,2.03,3,False,0,1,1,1,1,1,0,1,1,0,1,1,1,0,1,1,1,1,1,1,0,0,0,0,0,1,0,0,0,1,1,1,1,1,1,0,0,0,0,30k-60k
958488135,Sara,Burgess,Sara.Burgess000@mymdc.net,0,0,17,30000,0,2.05,3,False,1,1,1,1,1,0,0,1,0,0,1,0,0,0,0,0,1,0,0,1,1,0,1,0,0,0,1,1,0,1,0,0,0,1,1,0,1,0,0,30k-60k
318485876,Jamie,Chambers,Jamie.Chambers000@mymdc.net,1,2,22,30000,0,2.38,3,False,1,0,1,1,0,0,0,1,0,1,1,0,1,1,1,1,0,1,1,1,1,1,1,1,0,0,0,0,0,1,1,0,1,1,0,0,1,0,0,30k-60k
616688261,Cynthia,Davis,Cynthia.Davis000@mymdc.net,0,0,29,30000,0,3.28,2,False,1,1,1,1,1,1,0,1,1,1,1,1,1,1,0,1,1,1,1,1,1,0,1,1,1,1,1,0,1,0,0,0,1,0,1,1,0,1,0,30k-60k
319437919,David,Flores,David.Flores000@mymdc.net,0,9,21,30000,0,2.92,1,False,0,1,0,0,1,0,0,1,1,1,0,1,1,1,0,0,1,1,0,0,1,1,1,0,0,1,1,0,0,1,1,0,1,1,1,0,1,0,0,30k-60k
209702693,Lauren,Murray,Lauren.Murray000@mymdc.net,1,5,37,30000,0,3.27,2,False,1,1,1,1,1,1,1,1,1,1,1,1,1,1,1,1,1,1,1,1,1,1,1,0,1,1,1,1,1,1,1,1,1,0,1,1,1,1,1,30k-60k
313762117,Jeffery,Guerra,Jeffery.Guerra000@mymdc.net,1,5,1,30000,0,2.37,3,False,0,0,0,0,0,0,0,0,0,0,1,0,0,0,0,0,0,0,0,0,0,0,0,0,0,0,0,0,0,0,0,0,0,0,0,0,0,0,0,30k-60k
391899393,Holly,Rivera,Holly.Rivera000@mymdc.net,0,3,23,30000,0,2.25,3,False,0,0,1,0,1,1,1,0,1,0,1,1,1,0,1,1,1,0,1,0,0,1,1,0,0,1,0,0,1,0,0,1,1,1,0,1,1,1,1,30k-60k
342215199,Michael,Lowe,Michael.Lowe000@mymdc.net,1,5,2,30000,0,3.03,2,False,0,0,0,0,0,0,0,0,0,0,0,0,0,0,0,0,0,0,0,1,0,0,0,0,0,0,0,0,0,1,0,0,0,0,0,0,0,0,0,30k-60k
772388647,John,Brown,John.Brown000@mymdc.net,0,1,16,30000,0,2.38,3,False,0,1,1,0,0,1,0,0,0,1,1,0,0,1,0,0,1,1,0,1,1,0,0,1,0,0,1,1,0,1,0,0,1,0,1,0,0,0,0,30k-60k
225326638,Charles,Wright,Charles.Wright000@mymdc.net,0,9,18,30000,0,2.62,1,False,1,0,0,0,0,1,0,0,1,0,1,0,1,0,1,1,0,0,1,0,1,1,1,1,1,0,0,0,1,1,0,1,0,0,1,0,0,1,0,30k-60k
315206424,Joshua,Price,Joshua.Price000@mymdc.net,0,1,37,30000,0,2.96,1,False,1,0,1,1,1,1,0,1,1,1,1,1,1,1,1,1,1,1,1,1,1,1,1,1,1,1,1,1,1,1,1,1,1,1,1,1,1,1,1,30k-60k
156468491,Jonathan,Hoover,Jonathan.Hoover000@mymdc.net,1,8,28,30000,0,2.96,1,False,0,1,1,1,1,1,1,1,0,0,0,1,1,1,0,1,0,0,1,1,1,1,0,1,0,1,1,1,0,1,1,1,1,1,1,1,1,1,0,30k-60k
118669798,Kimberly,Vasquez,Kimberly.Vasquez000@mymdc.net,1,4,24,30000,0,2.37,3,False,1,1,0,1,0,0,1,1,0,0,1,1,0,0,0,1,0,1,1,1,1,1,1,1,0,0,1,0,1,0,1,1,1,0,1,0,1,1,1,30k-60k
962921871,Roger,Newman,Roger.Newman000@mymdc.net,1,7,31,30000,0,2.14,3,False,1,0,1,1,1,1,1,0,1,0,1,0,1,0,1,1,1,1,1,1,1,1,1,0,1,1,1,1,1,1,0,1,0,1,1,1,1,1,1,30k-60k
653445648,Mario,Smith,Mario.Smith000@mymdc.net,1,7,18,30000,0,3.0,1,False,1,1,0,0,1,0,0,0,1,1,1,1,0,0,1,0,0,1,1,0,1,1,0,0,0,0,1,0,1,0,0,0,1,1,1,0,0,1,0,30k-60k
928251875,James,Lam,James.Lam000@mymdc.net,0,1,18,30000,0,2.13,3,False,1,1,0,1,0,0,1,0,0,0,0,1,1,1,0,0,1,1,0,0,0,1,0,1,0,0,1,0,0,1,1,0,1,0,1,0,1,1,0,30k-60k
172326446,Tyler,Murphy,Tyler.Murphy000@mymdc.net,0,1,7,30000,0,2.98,1,False,0,0,1,0,0,0,1,0,1,1,0,0,0,1,0,0,0,0,0,0,0,0,0,0,0,0,0,0,0,0,1,0,0,0,0,1,0,0,0,30k-60k
264432588,Susan,Cook,Susan.Cook000@mymdc.net,0,0,12,30000,0,2.47,3,False,0,0,0,0,0,0,0,1,1,1,0,0,1,0,0,0,0,0,1,0,0,0,0,0,0,1,1,1,0,0,0,1,1,0,0,0,1,0,1,30k-60k
595908699,Tina,Davis,Tina.Davis000@mymdc.net,0,6,16,30000,0,2.67,1,False,1,1,0,0,1,1,0,1,0,1,1,0,0,0,0,0,0,0,0,0,1,0,0,1,0,0,1,1,0,1,1,1,0,0,0,0,1,0,1,30k-60k
729279994,Jennifer,Marsh,Jennifer.Marsh000@mymdc.net,0,3,3,30000,0,3.99,0,False,0,0,0,0,0,0,0,0,0,0,0,0,0,0,1,0,0,0,0,0,0,0,0,0,0,1,0,0,0,0,0,1,0,0,0,0,0,0,0,30k-60k
829277565,Samantha,Bruce,Samantha.Bruce000@mymdc.net,1,2,3,30000,0,3.15,2,False,0,1,0,1,0,0,0,0,0,0,0,0,0,0,0,0,0,0,0,0,0,0,0,0,0,0,1,0,0,0,0,0,0,0,0,0,0,0,0,30k-60k
766933692,Robin,Parker,Robin.Parker000@mymdc.net,0,6,15,30000,0,2.85,1,False,0,0,0,0,0,1,0,0,1,1,1,1,0,0,1,0,0,0,1,1,0,1,0,0,0,1,0,0,1,1,1,0,0,0,0,1,0,1,0,30k-60k
333665060,Kristina,Davis,Kristina.Davis000@mymdc.net,0,1,11,30000,0,3.25,2,False,1,0,1,0,1,0,0,1,0,0,1,0,0,0,0,0,0,0,0,0,0,0,1,0,0,1,1,0,1,0,1,0,0,0,0,1,0,0,0,30k-60k
391821914,Holly,Hill,Holly.Hill000@mymdc.net,0,9,21,30000,0,3.01,2,False,1,1,0,1,1,0,0,1,1,0,1,1,1,1,0,0,1,0,0,1,0,1,1,1,0,0,1,0,0,0,1,1,0,1,0,1,1,0,0,30k-60k
877157702,Thomas,Flores,Thomas.Flores000@mymdc.net,1,2,22,30000,0,3.0,1,False,1,1,0,1,0,0,1,1,1,0,0,1,1,0,0,0,0,1,0,0,0,1,1,0,1,1,1,1,1,0,1,0,1,1,0,1,1,0,1,30k-60k
536625033,Robert,Frazier,Robert.Frazier000@mymdc.net,0,3,28,30000,0,3.37,2,False,1,1,1,1,0,1,1,1,1,1,1,0,1,0,1,1,1,0,0,1,1,0,0,1,1,1,1,1,1,1,0,1,1,1,0,1,0,1,0,30k-60k
319753064,Calvin,Kramer,Calvin.Kramer000@mymdc.net,1,5,6,30000,0,2.24,3,False,0,0,0,0,0,1,0,0,0,0,0,1,0,0,0,0,0,0,0,0,0,0,1,0,1,0,0,0,1,0,0,0,0,1,0,0,0,0,0,30k-60k
509997575,Kaitlin,Hernandez,Kaitlin.Hernandez000@mymdc.net,1,8,5,30000,0,2.94,1,False,0,0,0,1,0,0,0,0,0,0,0,0,0,1,0,1,0,0,0,0,0,0,1,0,1,0,0,0,0,0,0,0,0,0,0,0,0,0,0,30k-60k
653445648,Mario,Smith,Mario.Smith000@mymdc.net,1,7,18,30000,0,3.0,1,False,1,1,0,0,1,0,0,0,1,1,1,1,0,0,1,0,0,1,1,0,1,1,0,0,0,0,1,0,1,0,0,0,1,1,1,0,0,1,0,30k-60k
191181715,Stacy,Brown,Stacy.Brown000@mymdc.net,1,5,31,30000,0,2.62,1,False,1,1,1,1,1,1,1,1,1,1,0,1,0,1,1,1,0,0,1,1,1,1,0,1,1,1,1,1,1,1,0,1,1,0,1,0,1,1,1,30k-60k
198787716,Donald,Harmon,Donald.Harmon000@mymdc.net,1,7,27,30000,0,2.49,3,False,1,0,1,1,1,1,1,0,1,1,1,1,1,0,1,1,1,1,1,0,0,1,1,1,1,0,1,1,1,1,0,1,0,0,0,0,1,1,0,30k-60k
637612372,Ian,Rowe,Ian.Rowe000@mymdc.net,0,3,9,30000,0,2.69,1,False,1,0,0,0,0,0,0,0,0,0,0,0,1,0,0,1,0,0,0,0,0,0,0,0,0,1,1,0,0,1,1,0,1,0,0,0,0,0,1,30k-60k
772469360,John,Thornton,John.Thornton000@mymdc.net,0,3,23,30000,0,2.03,3,False,0,1,1,1,1,1,0,1,1,0,1,1,1,0,1,1,1,1,1,1,0,0,0,0,0,1,0,0,0,1,1,1,1,1,1,0,0,0,0,30k-60k
140273307,Michael,Garcia,Michael.Garcia000@mymdc.net,0,3,1,30000,0,3.56,0,False,0,0,0,0,0,0,0,0,0,0,0,0,0,0,0,0,0,0,0,0,0,0,0,0,0,0,0,0,0,0,0,0,0,0,0,1,0,0,0,30k-60k
435382741,April,Dunlap,April.Dunlap000@mymdc.net,1,4,36,30000,0,2.46,3,False,1,1,1,1,1,1,1,1,1,1,0,1,1,0,1,1,1,1,1,1,1,1,1,1,0,1,1,1,1,1,1,1,1,1,1,1,1,1,1,30k-60k
928251875,James,Lam,James.Lam000@mymdc.net,0,1,18,30000,0,2.13,3,False,1,1,0,1,0,0,1,0,0,0,0,1,1,1,0,0,1,1,0,0,0,1,0,1,0,0,1,0,0,1,1,0,1,0,1,0,1,1,0,30k-60k
284164156,Melanie,Williams,Melanie.Williams000@mymdc.net,1,2,11,30000,0,3.1,2,False,0,0,1,0,0,0,1,0,0,1,0,1,0,1,0,1,0,0,0,1,0,0,1,1,0,0,0,0,0,0,0,0,0,1,0,1,0,0,0,30k-60k
801366346,Sharon,Wilson,Sharon.Wilson000@mymdc.net,0,3,21,30000,0,2.86,1,False,1,1,1,1,0,0,1,1,0,0,1,1,0,1,1,1,1,1,1,1,0,0,1,0,1,1,0,0,0,0,0,0,0,1,1,0,0,0,1,30k-60k
626164873,Jason,Brown,Jason.Brown000@mymdc.net,0,9,2,30000,0,2.31,3,False,0,0,0,0,0,0,0,0,0,0,0,1,0,0,0,0,0,0,0,0,0,0,0,0,1,0,0,0,0,0,0,0,0,0,0,0,0,0,0,30k-60k
446416930,Laura,Potts,Laura.Potts000@mymdc.net,0,6,14,30000,0,2.88,1,False,0,0,0,0,0,0,1,1,0,1,0,0,0,1,1,0,1,0,1,1,0,0,0,0,1,1,0,0,1,0,1,1,0,0,0,1,0,0,0,30k-60k
637612372,Ian,Rowe,Ian.Rowe000@mymdc.net,0,3,9,30000,0,2.69,1,False,1,0,0,0,0,0,0,0,0,0,0,0,1,0,0,1,0,0,0,0,0,0,0,0,0,1,1,0,0,1,1,0,1,0,0,0,0,0,1,30k-60k
989926975,Tara,Vaughan,Tara.Vaughan000@mymdc.net,0,9,14,30000,0,2.28,3,False,0,1,0,0,1,0,1,0,0,0,0,1,0,0,1,0,0,0,0,0,0,1,0,1,0,0,0,1,1,0,0,1,1,1,1,0,0,0,1,30k-60k
149216489,Dakota,Roberson,Dakota.Roberson000@mymdc.net,0,6,7,30000,0,3.05,2,False,0,0,0,1,0,0,0,0,1,0,0,0,1,0,0,1,1,0,0,0,1,0,0,0,0,0,0,1,0,0,0,0,0,0,0,0,0,0,0,30k-60k
340397461,Christina,Morton,Christina.Morton000@mymdc.net,0,1,24,30000,0,2.31,3,False,0,0,1,1,1,1,0,1,1,0,1,0,0,1,1,0,1,1,0,0,0,1,1,1,1,0,0,0,1,0,1,1,1,1,1,0,1,1,1,30k-60k
472109847,Richard,Bates,Richard.Bates000@mymdc.net,1,7,10,30000,0,2.47,3,False,0,0,0,1,0,0,0,0,0,0,0,0,0,1,0,0,0,0,1,1,0,0,0,0,1,1,0,0,0,0,1,1,1,0,0,1,0,0,0,30k-60k
480363707,Gary,Velez,Gary.Velez000@mymdc.net,0,1,13,30000,0,3.78,0,False,1,0,0,1,0,1,0,0,0,0,0,0,1,1,0,0,0,0,1,0,0,1,1,0,1,0,1,0,0,0,0,1,0,1,1,0,0,0,0,30k-60k
307285048,Leslie,Gonzalez,Leslie.Gonzalez000@mymdc.net,1,4,31,30000,0,3.38,2,False,1,1,1,1,1,1,1,1,1,1,1,1,0,1,1,0,1,1,0,1,1,1,0,0,1,1,1,0,0,1,1,1,1,1,1,0,1,1,1,30k-60k
763152944,Michelle,Smith,Michelle.Smith000@mymdc.net,0,6,1,30000,0,2.36,3,False,0,1,0,0,0,0,0,0,0,0,0,0,0,0,0,0,0,0,0,0,0,0,0,0,0,0,0,0,0,0,0,0,0,0,0,0,0,0,0,30k-60k
972885809,Kelsey,Myers,Kelsey.Myers000@mymdc.net,0,1,30,30000,0,2.11,3,False,0,1,0,1,0,0,1,1,1,1,1,1,1,1,1,1,1,1,0,0,1,1,1,1,0,1,1,1,1,0,1,1,1,1,1,1,1,1,0,30k-60k
989926975,Tara,Vaughan,Tara.Vaughan000@mymdc.net,0,9,14,30000,0,2.28,3,False,0,1,0,0,1,0,1,0,0,0,0,1,0,0,1,0,0,0,0,0,0,1,0,1,0,0,0,1,1,0,0,1,1,1,1,0,0,0,1,30k-60k
480363707,Gary,Velez,Gary.Velez000@mymdc.net,0,1,13,30000,0,3.78,0,False,1,0,0,1,0,1,0,0,0,0,0,0,1,1,0,0,0,0,1,0,0,1,1,0,1,0,1,0,0,0,0,1,0,1,1,0,0,0,0,30k-60k
884225805,Harry,Zimmerman,Harry.Zimmerman000@mymdc.net,1,2,18,30000,0,2.02,3,False,1,0,1,0,1,0,0,0,0,0,0,1,1,1,0,0,1,0,1,0,1,0,0,1,1,1,1,0,1,0,0,0,0,1,1,1,0,1,0,30k-60k
882679189,Melissa,Hall,Melissa.Hall000@mymdc.net,0,0,2,30000,0,3.13,2,False,0,0,0,0,0,0,0,0,0,0,0,0,0,0,0,0,0,0,1,0,0,0,0,0,0,0,0,0,0,0,0,1,0,0,0,0,0,0,0,30k-60k
198974850,Sara,Murphy,Sara.Murphy000@mymdc.net,1,5,7,30000,0,3.47,2,False,0,0,0,0,0,0,0,0,0,0,0,1,0,0,1,0,0,0,0,1,1,0,0,1,0,0,0,0,0,0,1,0,0,0,1,0,0,0,0,30k-60k
319437919,David,Flores,David.Flores000@mymdc.net,0,9,21,30000,0,2.92,1,False,0,1,0,0,1,0,0,1,1,1,0,1,1,1,0,0,1,1,0,0,1,1,1,0,0,1,1,0,0,1,1,0,1,1,1,0,1,0,0,30k-60k
242916272,Eugene,Smith,Eugene.Smith000@mymdc.net,0,6,2,30000,0,2.51,1,False,0,0,0,0,0,0,0,0,0,0,0,0,0,0,0,0,0,0,0,0,0,1,0,0,0,0,0,0,0,0,0,0,0,0,0,1,0,0,0,30k-60k
890732185,Heather,King,Heather.King000@mymdc.net,1,8,35,30000,0,3.65,0,False,1,1,1,0,1,1,1,1,1,1,1,1,1,1,1,1,1,1,1,1,1,1,1,1,1,1,0,1,1,1,1,1,1,0,1,1,0,1,1,30k-60k
729279994,Jennifer,Marsh,Jennifer.Marsh000@mymdc.net,0,3,3,30000,0,3.99,0,False,0,0,0,0,0,0,0,0,0,0,0,0,0,0,1,0,0,0,0,0,0,0,0,0,0,1,0,0,0,0,0,1,0,0,0,0,0,0,0,30k-60k
673795938,Richard,Farmer,Richard.Farmer000@mymdc.net,1,4,8,30000,0,3.96,0,False,1,1,0,0,1,0,0,0,0,0,0,0,0,1,0,0,0,0,0,0,0,0,0,0,0,0,0,0,0,0,0,0,0,1,1,0,1,0,1,30k-60k
242284021,Craig,Wilson,Craig.Wilson000@mymdc.net,0,6,27,30000,0,2.68,1,False,0,0,1,1,0,1,1,1,0,1,0,1,0,1,1,1,1,1,1,0,0,1,1,1,1,1,0,1,1,0,1,1,0,1,1,1,0,1,1,30k-60k
972885809,Kelsey,Myers,Kelsey.Myers000@mymdc.net,0,1,30,30000,0,2.11,3,False,0,1,0,1,0,0,1,1,1,1,1,1,1,1,1,1,1,1,0,0,1,1,1,1,0,1,1,1,1,0,1,1,1,1,1,1,1,1,0,30k-60k
255417587,Steven,Cruz,Steven.Cruz000@mymdc.net,0,1,5,30000,0,3.16,2,False,0,0,0,0,0,0,0,0,0,1,0,0,1,0,0,1,0,0,0,0,0,0,0,0,0,0,0,0,0,1,0,0,0,1,0,0,0,0,0,30k-60k
774496124,Corey,Hartman,Corey.Hartman000@mymdc.net,0,1,31,30000,0,2.03,3,False,1,1,0,1,1,1,1,1,1,0,1,1,1,1,1,1,1,1,0,1,1,0,1,1,1,1,1,0,1,0,1,1,1,1,1,0,1,0,1,30k-60k
211944772,Christopher,Scott,Christopher.Scott000@mymdc.net,0,3,15,30000,0,3.09,2,False,1,1,1,0,1,0,0,0,1,0,1,0,0,1,1,0,1,0,0,0,0,0,0,0,0,0,0,0,0,1,1,1,1,1,0,0,0,0,1,30k-60k
198974850,Sara,Murphy,Sara.Murphy000@mymdc.net,1,5,7,30000,0,3.47,2,False,0,0,0,0,0,0,0,0,0,0,0,1,0,0,1,0,0,0,0,1,1,0,0,1,0,0,0,0,0,0,1,0,0,0,1,0,0,0,0,30k-60k
156468491,Jonathan,Hoover,Jonathan.Hoover000@mymdc.net,1,8,28,30000,0,2.96,1,False,0,1,1,1,1,1,1,1,0,0,0,1,1,1,0,1,0,0,1,1,1,1,0,1,0,1,1,1,0,1,1,1,1,1,1,1,1,1,0,30k-60k
868332388,Jorge,Thomas,Jorge.Thomas000@mymdc.net,1,4,3,30000,0,2.08,3,False,0,0,0,0,0,0,0,0,0,0,0,0,0,0,0,0,0,0,0,0,0,0,0,0,0,0,0,1,1,0,0,0,0,0,0,0,0,1,0,30k-60k
324234559,John,Pruitt,John.Pruitt000@mymdc.net,1,4,26,30000,0,2.66,1,False,1,0,0,0,1,0,1,1,1,1,1,1,1,1,1,1,1,1,0,1,0,0,1,0,1,1,1,1,0,1,0,0,1,1,1,0,1,0,1,30k-60k
198974850,Sara,Murphy,Sara.Murphy000@mymdc.net,1,5,7,30000,0,3.47,2,False,0,0,0,0,0,0,0,0,0,0,0,1,0,0,1,0,0,0,0,1,1,0,0,1,0,0,0,0,0,0,1,0,0,0,1,0,0,0,0,30k-60k
804241108,Robert,Olson,Robert.Olson000@mymdc.net,0,0,33,30000,0,2.05,3,False,0,1,1,1,1,1,1,1,1,1,1,1,1,1,1,0,1,1,1,0,1,1,1,1,1,1,1,1,0,1,1,1,0,0,1,1,1,1,1,30k-60k
467801296,Steve,Wilson,Steve.Wilson000@mymdc.net,1,5,36,30000,0,3.03,2,False,1,1,1,1,1,1,1,1,1,1,0,1,1,1,1,1,1,0,1,1,1,1,1,0,1,1,1,1,1,1,1,1,1,1,1,1,1,1,1,30k-60k
468979984,Jacqueline,Dyer,Jacqueline.Dyer000@mymdc.net,0,9,32,30000,0,2.82,1,False,1,1,1,1,1,1,1,1,1,1,1,1,1,1,1,1,1,1,1,0,1,0,1,1,1,0,1,0,1,1,0,1,1,0,1,1,0,1,1,30k-60k
324234559,John,Pruitt,John.Pruitt000@mymdc.net,1,4,26,30000,0,2.66,1,False,1,0,0,0,1,0,1,1,1,1,1,1,1,1,1,1,1,1,0,1,0,0,1,0,1,1,1,1,0,1,0,0,1,1,1,0,1,0,1,30k-60k
905979802,Fred,Stevens,Fred.Stevens000@mymdc.net,0,1,7,30000,0,2.35,3,False,0,1,0,0,0,0,0,0,0,0,0,1,0,0,0,0,0,0,0,1,0,0,0,0,0,1,1,0,0,1,0,0,1,0,0,0,0,0,0,30k-60k
729279994,Jennifer,Marsh,Jennifer.Marsh000@mymdc.net,0,3,3,30000,0,3.99,0,False,0,0,0,0,0,0,0,0,0,0,0,0,0,0,1,0,0,0,0,0,0,0,0,0,0,1,0,0,0,0,0,1,0,0,0,0,0,0,0,30k-60k
371768950,Timothy,Hutchinson,Timothy.Hutchinson000@mymdc.net,0,1,38,30000,0,2.07,3,False,1,1,1,1,0,1,1,1,1,1,1,1,1,1,1,1,1,1,1,1,1,1,1,1,1,1,1,1,1,1,1,1,1,1,1,1,1,1,1,30k-60k
184212895,Lawrence,Padilla,Lawrence.Padilla000@mymdc.net,0,1,16,30000,0,2.11,3,False,1,0,0,1,0,1,0,0,1,1,0,0,0,0,0,0,0,1,0,1,1,1,1,0,1,1,0,1,1,0,0,0,0,1,0,0,0,1,0,30k-60k
901568755,Nicholas,Silva,Nicholas.Silva000@mymdc.net,1,2,19,30000,0,3.81,0,False,0,1,0,0,1,0,1,0,0,0,1,1,1,1,0,0,0,0,1,1,0,0,1,1,1,0,1,0,1,1,1,0,0,0,1,0,1,1,0,30k-60k
890732185,Heather,King,Heather.King000@mymdc.net,1,8,35,30000,0,3.65,0,False,1,1,1,0,1,1,1,1,1,1,1,1,1,1,1,1,1,1,1,1,1,1,1,1,1,1,0,1,1,1,1,1,1,0,1,1,0,1,1,30k-60k
956412400,Mathew,Weiss,Mathew.Weiss000@mymdc.net,1,8,16,30000,0,2.75,1,False,0,1,0,1,0,0,1,1,0,0,1,0,1,1,0,0,1,1,0,0,1,0,1,0,1,0,0,0,1,0,1,0,0,1,0,0,1,0,0,30k-60k
561627982,Kathleen,Harris,Kathleen.Harris000@mymdc.net,1,4,17,30000,0,2.19,3,False,0,1,0,0,1,0,1,0,0,1,0,0,1,0,1,0,1,1,0,0,0,0,1,1,0,1,0,1,1,1,0,0,0,0,1,0,1,0,1,30k-60k
786664747,Paul,Hurley,Paul.Hurley000@mymdc.net,1,8,37,30000,0,3.25,2,False,0,1,1,1,1,1,1,1,1,1,0,1,1,1,1,1,1,1,1,1,1,1,1,1,1,1,1,1,1,1,1,1,1,1,1,1,1,1,1,30k-60k
962921871,Roger,Newman,Roger.Newman000@mymdc.net,1,7,31,30000,0,2.14,3,False,1,0,1,1,1,1,1,0,1,0,1,0,1,0,1,1,1,1,1,1,1,1,1,0,1,1,1,1,1,1,0,1,0,1,1,1,1,1,1,30k-60k
728292772,Jesse,Davis,Jesse.Davis000@mymdc.net,0,6,35,30000,0,3.26,2,False,1,0,0,1,1,1,1,1,1,1,1,1,0,0,1,1,1,1,1,1,1,1,1,1,1,1,1,1,1,1,1,1,1,1,1,1,1,1,1,30k-60k
107961088,David,Murray,David.Murray000@mymdc.net,0,1,24,30000,0,2.88,1,False,0,1,0,0,0,1,1,1,1,1,1,1,0,1,1,1,0,0,0,1,1,1,1,1,1,0,1,1,1,0,1,0,1,0,0,0,1,0,1,30k-60k
242284021,Craig,Wilson,Craig.Wilson000@mymdc.net,0,6,27,30000,0,2.68,1,False,0,0,1,1,0,1,1,1,0,1,0,1,0,1,1,1,1,1,1,0,0,1,1,1,1,1,0,1,1,0,1,1,0,1,1,1,0,1,1,30k-60k
683551180,Jessica,Nelson,Jessica.Nelson000@mymdc.net,0,1,7,30000,0,2.61,1,False,0,0,0,1,0,0,1,0,0,0,1,0,0,0,0,0,1,0,0,0,0,0,0,0,0,1,0,1,0,0,0,0,0,0,0,0,1,0,0,30k-60k
423604203,Glenn,Collins,Glenn.Collins000@mymdc.net,0,1,2,30000,0,2.63,1,False,0,0,0,1,0,0,0,0,0,0,0,0,0,0,0,0,0,0,0,0,0,0,0,0,0,0,0,0,0,0,0,0,0,0,0,0,0,0,1,30k-60k
804241108,Robert,Olson,Robert.Olson000@mymdc.net,0,0,33,30000,0,2.05,3,False,0,1,1,1,1,1,1,1,1,1,1,1,1,1,1,0,1,1,1,0,1,1,1,1,1,1,1,1,0,1,1,1,0,0,1,1,1,1,1,30k-60k
861588305,Jonathan,Fuentes,Jonathan.Fuentes000@mymdc.net,1,2,4,30000,0,3.29,2,False,0,0,0,0,0,0,1,0,0,0,1,0,0,0,0,0,0,0,0,0,0,0,1,0,0,0,0,0,0,0,1,0,0,0,0,0,0,0,0,30k-60k
526589012,Susan,Underwood,Susan.Underwood000@mymdc.net,0,6,29,30000,0,2.41,3,False,1,1,1,1,1,1,1,1,0,0,0,1,1,0,0,1,1,1,1,0,1,1,0,1,0,1,1,1,0,1,1,0,1,1,1,1,1,1,1,30k-60k
242284021,Craig,Wilson,Craig.Wilson000@mymdc.net,0,6,27,30000,0,2.68,1,False,0,0,1,1,0,1,1,1,0,1,0,1,0,1,1,1,1,1,1,0,0,1,1,1,1,1,0,1,1,0,1,1,0,1,1,1,0,1,1,30k-60k
526589012,Susan,Underwood,Susan.Underwood000@mymdc.net,0,6,29,30000,0,2.41,3,False,1,1,1,1,1,1,1,1,0,0,0,1,1,0,0,1,1,1,1,0,1,1,0,1,0,1,1,1,0,1,1,0,1,1,1,1,1,1,1,30k-60k
626164873,Jason,Brown,Jason.Brown000@mymdc.net,0,9,2,30000,0,2.31,3,False,0,0,0,0,0,0,0,0,0,0,0,1,0,0,0,0,0,0,0,0,0,0,0,0,1,0,0,0,0,0,0,0,0,0,0,0,0,0,0,30k-60k
845196021,Holly,Diaz,Holly.Diaz000@mymdc.net,0,9,29,30000,0,3.93,0,False,1,1,0,0,1,1,1,1,1,0,1,1,0,0,0,1,1,1,1,1,1,1,1,0,1,1,1,1,1,1,0,1,1,1,0,1,1,0,1,30k-60k
747717351,Jennifer,Hines,Jennifer.Hines000@mymdc.net,1,7,20,30000,0,2.88,1,False,1,1,1,0,1,0,1,1,0,1,0,1,1,1,1,1,1,0,1,1,1,0,0,1,1,0,0,0,0,0,0,0,0,1,1,0,0,0,0,30k-60k
275981407,Carol,Perez,Carol.Perez000@mymdc.net,1,2,37,30000,0,2.26,3,False,0,1,1,1,1,1,1,1,1,1,1,1,1,1,1,1,1,1,1,1,1,1,1,1,1,1,1,1,0,1,1,1,1,1,1,1,1,1,1,30k-60k
242284021,Craig,Wilson,Craig.Wilson000@mymdc.net,0,6,27,30000,0,2.68,1,False,0,0,1,1,0,1,1,1,0,1,0,1,0,1,1,1,1,1,1,0,0,1,1,1,1,1,0,1,1,0,1,1,0,1,1,1,0,1,1,30k-60k
460515834,Dalton,Cooper,Dalton.Cooper000@mymdc.net,1,7,33,30000,0,2.6,1,False,1,1,1,1,1,1,1,1,1,0,1,1,1,1,1,1,0,1,1,1,1,1,1,1,1,1,1,0,0,1,1,1,0,1,0,1,1,1,1,30k-60k
772388647,John,Brown,John.Brown000@mymdc.net,0,1,16,30000,0,2.38,3,False,0,1,1,0,0,1,0,0,0,1,1,0,0,1,0,0,1,1,0,1,1,0,0,1,0,0,1,1,0,1,0,0,1,0,1,0,0,0,0,30k-60k
398456775,Albert,Chavez,Albert.Chavez000@mymdc.net,0,3,20,30000,0,2.46,3,False,0,0,1,1,1,1,1,1,1,0,1,0,1,0,0,0,0,1,1,0,1,1,0,0,0,1,1,0,0,1,1,0,0,1,1,1,0,0,0,30k-60k
837777335,Kelli,Hopkins,Kelli.Hopkins000@mymdc.net,0,0,2,30000,0,2.78,1,False,1,0,0,0,0,0,0,0,0,0,0,0,0,0,0,0,0,0,0,0,0,0,0,0,0,0,0,0,0,0,0,0,0,0,1,0,0,0,0,30k-60k
359227696,Gerald,Murphy,Gerald.Murphy000@mymdc.net,0,9,29,30000,0,2.34,3,False,1,1,1,0,1,0,1,1,0,1,1,1,1,0,1,1,1,0,1,0,1,0,1,0,1,1,1,1,0,1,1,1,0,1,1,1,1,1,1,30k-60k
242916272,Eugene,Smith,Eugene.Smith000@mymdc.net,0,6,2,30000,0,2.51,1,False,0,0,0,0,0,0,0,0,0,0,0,0,0,0,0,0,0,0,0,0,0,1,0,0,0,0,0,0,0,0,0,0,0,0,0,1,0,0,0,30k-60k
588272508,Steven,Sullivan,Steven.Sullivan000@mymdc.net,1,8,6,30000,0,2.75,1,False,0,0,1,0,0,0,0,0,0,0,0,0,0,0,0,1,0,0,0,1,0,0,1,1,0,0,0,0,0,0,0,0,0,0,0,0,1,0,0,30k-60k
801366346,Sharon,Wilson,Sharon.Wilson000@mymdc.net,0,3,21,30000,0,2.86,1,False,1,1,1,1,0,0,1,1,0,0,1,1,0,1,1,1,1,1,1,1,0,0,1,0,1,1,0,0,0,0,0,0,0,1,1,0,0,0,1,30k-60k
937132223,Dakota,Massey,Dakota.Massey000@mymdc.net,0,1,8,30000,0,3.03,2,False,1,0,0,0,0,0,0,1,1,0,0,0,0,0,0,0,0,0,0,0,0,0,0,1,0,1,0,0,0,0,0,1,0,0,0,1,0,1,0,30k-60k
536625033,Robert,Frazier,Robert.Frazier000@mymdc.net,0,3,28,30000,0,3.37,2,False,1,1,1,1,0,1,1,1,1,1,1,0,1,0,1,1,1,0,0,1,1,0,0,1,1,1,1,1,1,1,0,1,1,1,0,1,0,1,0,30k-60k
301624296,Kimberly,Miller,Kimberly.Miller000@mymdc.net,0,9,6,30000,0,2.69,1,False,1,0,0,0,1,0,0,0,0,0,0,0,0,1,0,0,0,0,0,1,0,0,0,0,0,0,0,0,0,0,0,0,1,0,0,0,0,0,1,30k-60k
599722071,Michael,Reynolds,Michael.Reynolds000@mymdc.net,1,2,24,30000,0,2.67,1,False,1,1,1,0,1,1,1,0,0,0,1,1,1,1,1,1,0,1,1,0,0,1,0,0,1,1,0,0,1,0,1,1,1,1,0,0,1,1,0,30k-60k
446416930,Laura,Potts,Laura.Potts000@mymdc.net,0,6,14,30000,0,2.88,1,False,0,0,0,0,0,0,1,1,0,1,0,0,0,1,1,0,1,0,1,1,0,0,0,0,1,1,0,0,1,0,1,1,0,0,0,1,0,0,0,30k-60k
763152944,Michelle,Smith,Michelle.Smith000@mymdc.net,0,6,1,30000,0,2.36,3,False,0,1,0,0,0,0,0,0,0,0,0,0,0,0,0,0,0,0,0,0,0,0,0,0,0,0,0,0,0,0,0,0,0,0,0,0,0,0,0,30k-60k
322248480,Lucas,Phillips,Lucas.Phillips000@mymdc.net,0,0,26,30000,0,3.13,2,False,1,1,1,1,1,0,1,1,0,0,0,1,1,1,1,1,1,1,1,0,0,1,1,1,0,0,1,1,1,1,0,0,1,1,0,1,0,0,1,30k-60k
140203889,Robert,Khan,Robert.Khan000@mymdc.net,0,6,1,30000,0,2.27,3,False,0,0,0,0,0,0,0,0,0,0,0,0,0,0,0,0,0,0,0,0,0,0,0,0,0,0,0,0,0,0,0,0,0,1,0,0,0,0,0,30k-60k
636669878,Vanessa,Calderon,Vanessa.Calderon000@mymdc.net,1,7,35,30000,0,2.98,1,False,1,1,1,1,1,1,1,1,1,1,1,1,1,1,1,0,0,1,1,0,1,1,1,1,1,1,1,0,1,1,1,1,1,1,1,1,1,1,1,30k-60k
845196021,Holly,Diaz,Holly.Diaz000@mymdc.net,0,9,29,30000,0,3.93,0,False,1,1,0,0,1,1,1,1,1,0,1,1,0,0,0,1,1,1,1,1,1,1,1,0,1,1,1,1,1,1,0,1,1,1,0,1,1,0,1,30k-60k
655423664,Alvin,Jenkins,Alvin.Jenkins000@mymdc.net,0,0,21,30000,0,3.43,2,False,1,1,1,0,0,1,0,0,0,1,1,0,1,1,1,1,1,0,0,1,0,0,1,0,1,1,1,1,1,0,1,0,0,0,1,0,0,1,0,30k-60k
314184456,Anthony,Wilson,Anthony.Wilson000@mymdc.net,1,7,21,30000,0,2.85,1,False,0,0,1,1,0,0,1,0,0,1,0,1,1,1,0,0,1,1,1,1,1,1,0,0,0,0,0,1,1,0,1,1,0,1,0,1,1,1,0,30k-60k
944625643,Teresa,Neal,Teresa.Neal000@mymdc.net,0,9,28,30000,0,3.58,0,False,1,1,1,0,1,1,1,1,1,1,1,0,0,1,1,0,0,0,1,0,1,1,1,1,1,1,1,1,0,1,1,1,0,1,1,1,1,0,0,30k-60k
398456775,Albert,Chavez,Albert.Chavez000@mymdc.net,0,3,20,30000,0,2.46,3,False,0,0,1,1,1,1,1,1,1,0,1,0,1,0,0,0,0,1,1,0,1,1,0,0,0,1,1,0,0,1,1,0,0,1,1,1,0,0,0,30k-60k
279235195,Jill,Fisher,Jill.Fisher000@mymdc.net,1,8,2,30000,0,2.66,1,False,0,0,0,0,0,0,0,0,0,0,0,0,0,0,0,1,0,0,0,1,0,0,0,0,0,0,0,0,0,0,0,0,0,0,0,0,0,0,0,30k-60k
786664747,Paul,Hurley,Paul.Hurley000@mymdc.net,1,8,37,30000,0,3.25,2,False,0,1,1,1,1,1,1,1,1,1,0,1,1,1,1,1,1,1,1,1,1,1,1,1,1,1,1,1,1,1,1,1,1,1,1,1,1,1,1,30k-60k
845196021,Holly,Diaz,Holly.Diaz000@mymdc.net,0,9,29,30000,0,3.93,0,False,1,1,0,0,1,1,1,1,1,0,1,1,0,0,0,1,1,1,1,1,1,1,1,0,1,1,1,1,1,1,0,1,1,1,0,1,1,0,1,30k-60k
365536994,Michele,Lin,Michele.Lin000@mymdc.net,0,1,12,30000,0,3.08,2,False,0,1,0,0,0,1,1,0,0,0,0,1,0,1,0,0,0,1,0,1,0,0,1,0,0,0,0,1,0,1,0,0,0,0,0,1,0,0,1,30k-60k
242916272,Eugene,Smith,Eugene.Smith000@mymdc.net,0,6,2,30000,0,2.51,1,False,0,0,0,0,0,0,0,0,0,0,0,0,0,0,0,0,0,0,0,0,0,1,0,0,0,0,0,0,0,0,0,0,0,0,0,1,0,0,0,30k-60k
959434652,Katherine,Chen,Katherine.Chen000@mymdc.net,1,8,23,30000,0,2.2,3,False,0,1,1,0,0,0,1,1,0,1,0,1,1,0,0,0,1,0,1,0,1,1,1,0,1,0,0,1,1,1,1,1,1,1,1,1,1,0,0,30k-60k
283276882,Daniel,Rodriguez,Daniel.Rodriguez000@mymdc.net,0,3,2,30000,0,3.26,2,False,0,1,0,0,0,0,0,0,0,0,0,0,0,0,0,0,0,0,0,0,0,0,0,0,0,0,0,0,0,1,0,0,0,0,0,0,0,0,0,30k-60k
487113810,Jesse,Williams,Jesse.Williams000@mymdc.net,1,5,22,30000,0,3.48,2,False,1,1,0,1,0,1,0,1,0,0,0,1,0,1,0,1,0,1,1,0,1,1,0,1,0,1,0,1,1,1,1,0,0,1,1,1,0,0,1,30k-60k
505522743,Mark,Garrett,Mark.Garrett000@mymdc.net,0,0,33,30000,0,2.95,1,False,1,1,1,1,1,1,0,1,1,1,1,0,1,1,1,1,1,0,1,1,1,1,0,1,1,1,1,0,1,1,1,1,1,1,1,1,1,1,0,30k-60k
655423664,Alvin,Jenkins,Alvin.Jenkins000@mymdc.net,0,0,21,30000,0,3.43,2,False,1,1,1,0,0,1,0,0,0,1,1,0,1,1,1,1,1,0,0,1,0,0,1,0,1,1,1,1,1,0,1,0,0,0,1,0,0,1,0,30k-60k
479774265,Jennifer,Mills,Jennifer.Mills000@mymdc.net,1,5,12,30000,0,3.25,2,False,1,0,0,0,0,0,0,0,0,0,0,1,1,0,0,1,1,0,0,1,0,0,1,1,0,0,0,0,1,0,1,0,1,0,1,0,0,0,0,30k-60k
748831449,Lisa,Harris,Lisa.Harris000@mymdc.net,0,0,20,30000,0,3.59,0,False,1,0,1,0,0,0,1,1,1,0,1,0,0,0,0,0,0,1,1,1,1,0,1,0,1,0,1,0,1,1,1,0,1,1,1,1,0,0,0,30k-60k
989926975,Tara,Vaughan,Tara.Vaughan000@mymdc.net,0,9,14,30000,0,2.28,3,False,0,1,0,0,1,0,1,0,0,0,0,1,0,0,1,0,0,0,0,0,0,1,0,1,0,0,0,1,1,0,0,1,1,1,1,0,0,0,1,30k-60k
204405276,Sheila,Mendez,Sheila.Mendez000@mymdc.net,0,0,27,30000,0,2.53,1,False,1,1,1,1,1,0,1,0,1,1,1,1,1,1,1,1,1,0,1,0,1,1,1,1,0,0,1,1,0,0,0,1,0,0,0,1,1,1,1,30k-60k
906882245,Nancy,Hodge,Nancy.Hodge000@mymdc.net,1,4,38,30000,0,2.31,3,False,1,1,1,1,1,1,1,1,1,1,1,1,1,1,1,1,0,1,1,1,1,1,1,1,1,1,1,1,1,1,1,1,1,1,1,1,1,1,1,30k-60k
935371815,Victor,Williams,Victor.Williams000@mymdc.net,1,5,25,30000,0,2.05,3,False,1,0,1,1,1,1,0,1,0,0,1,1,0,0,1,1,1,1,0,1,1,1,0,1,1,1,1,0,1,0,0,1,0,1,0,0,1,1,1,30k-60k
500484680,Steven,Davis,Steven.Davis000@mymdc.net,0,1,19,30000,0,3.02,2,False,1,0,0,1,1,0,1,0,0,1,1,1,1,0,0,1,1,0,1,1,1,0,0,0,0,0,0,1,1,1,0,0,0,0,0,1,1,0,1,30k-60k
225326638,Charles,Wright,Charles.Wright000@mymdc.net,0,9,18,30000,0,2.62,1,False,1,0,0,0,0,1,0,0,1,0,1,0,1,0,1,1,0,0,1,0,1,1,1,1,1,0,0,0,1,1,0,1,0,0,1,0,0,1,0,30k-60k
588272508,Steven,Sullivan,Steven.Sullivan000@mymdc.net,1,8,6,30000,0,2.75,1,False,0,0,1,0,0,0,0,0,0,0,0,0,0,0,0,1,0,0,0,1,0,0,1,1,0,0,0,0,0,0,0,0,0,0,0,0,1,0,0,30k-60k
365536994,Michele,Lin,Michele.Lin000@mymdc.net,0,1,12,30000,0,3.08,2,False,0,1,0,0,0,1,1,0,0,0,0,1,0,1,0,0,0,1,0,1,0,0,1,0,0,0,0,1,0,1,0,0,0,0,0,1,0,0,1,30k-60k
658997599,Cassie,Robinson,Cassie.Robinson000@mymdc.net,0,9,10,30000,0,3.28,2,False,0,0,0,0,1,1,0,0,0,0,0,0,0,0,0,1,0,0,0,0,1,1,0,0,0,1,0,0,0,0,1,0,1,0,0,1,0,0,1,30k-60k
605553169,Brandi,Sanders,Brandi.Sanders000@mymdc.net,0,1,18,30000,0,3.11,2,False,1,0,0,1,0,0,1,0,0,1,0,0,0,1,0,1,1,0,1,0,0,1,1,0,1,1,1,0,0,0,0,1,0,0,0,1,1,1,1,30k-60k
423604203,Glenn,Collins,Glenn.Collins000@mymdc.net,0,1,2,30000,0,2.63,1,False,0,0,0,1,0,0,0,0,0,0,0,0,0,0,0,0,0,0,0,0,0,0,0,0,0,0,0,0,0,0,0,0,0,0,0,0,0,0,1,30k-60k
521491250,Donna,Farrell,Donna.Farrell000@mymdc.net,0,1,3,30000,0,2.87,1,False,1,0,0,0,0,0,0,0,0,0,0,0,0,0,0,0,0,0,0,0,0,0,0,0,0,0,0,0,0,1,0,0,0,0,1,0,0,0,0,30k-60k
959434652,Katherine,Chen,Katherine.Chen000@mymdc.net,1,8,23,30000,0,2.2,3,False,0,1,1,0,0,0,1,1,0,1,0,1,1,0,0,0,1,0,1,0,1,1,1,0,1,0,0,1,1,1,1,1,1,1,1,1,1,0,0,30k-60k
728292772,Jesse,Davis,Jesse.Davis000@mymdc.net,0,6,35,30000,0,3.26,2,False,1,0,0,1,1,1,1,1,1,1,1,1,0,0,1,1,1,1,1,1,1,1,1,1,1,1,1,1,1,1,1,1,1,1,1,1,1,1,1,30k-60k
884225805,Harry,Zimmerman,Harry.Zimmerman000@mymdc.net,1,2,18,30000,0,2.02,3,False,1,0,1,0,1,0,0,0,0,0,0,1,1,1,0,0,1,0,1,0,1,0,0,1,1,1,1,0,1,0,0,0,0,1,1,1,0,1,0,30k-60k
948132566,Jennifer,Zavala,Jennifer.Zavala000@mymdc.net,0,6,34,30000,0,2.17,3,False,1,1,1,1,1,1,1,1,1,1,0,1,1,1,1,1,1,1,0,1,1,1,1,1,1,1,1,1,1,1,0,1,1,1,1,1,0,1,0,30k-60k
212837391,William,Robinson,William.Robinson000@mymdc.net,0,0,30,30000,0,2.65,1,False,0,1,1,0,0,1,1,0,1,1,1,1,1,1,1,1,1,0,1,1,1,1,1,0,0,1,1,1,1,0,1,1,1,1,1,0,1,1,1,30k-60k
989926975,Tara,Vaughan,Tara.Vaughan000@mymdc.net,0,9,14,30000,0,2.28,3,False,0,1,0,0,1,0,1,0,0,0,0,1,0,0,1,0,0,0,0,0,0,1,0,1,0,0,0,1,1,0,0,1,1,1,1,0,0,0,1,30k-60k
316964996,Bonnie,Anderson,Bonnie.Anderson000@mymdc.net,1,4,39,30000,0,3.18,2,False,1,1,1,1,1,1,1,1,1,1,1,1,1,1,1,1,1,1,1,1,1,1,1,1,1,1,1,1,1,1,1,1,1,1,1,1,1,1,1,30k-60k
308891787,Alexandra,Hensley,Alexandra.Hensley000@mymdc.net,1,8,3,30000,0,2.13,3,False,0,0,1,0,0,0,0,0,0,0,0,0,0,0,0,0,0,0,0,0,0,0,0,0,0,0,0,0,0,0,0,0,1,0,0,0,1,0,0,30k-60k
333665060,Kristina,Davis,Kristina.Davis000@mymdc.net,0,1,11,30000,0,3.25,2,False,1,0,1,0,1,0,0,1,0,0,1,0,0,0,0,0,0,0,0,0,0,0,1,0,0,1,1,0,1,0,1,0,0,0,0,1,0,0,0,30k-60k
242284021,Craig,Wilson,Craig.Wilson000@mymdc.net,0,6,27,30000,0,2.68,1,False,0,0,1,1,0,1,1,1,0,1,0,1,0,1,1,1,1,1,1,0,0,1,1,1,1,1,0,1,1,0,1,1,0,1,1,1,0,1,1,30k-60k
136553753,Matthew,Williamson,Matthew.Williamson000@mymdc.net,1,5,6,30000,0,2.04,3,False,0,0,1,0,0,1,1,0,0,0,0,1,0,0,0,0,0,0,0,0,0,0,0,0,0,0,0,0,0,0,0,1,0,0,0,0,0,1,0,30k-60k
772469360,John,Thornton,John.Thornton000@mymdc.net,0,3,23,30000,0,2.03,3,False,0,1,1,1,1,1,0,1,1,0,1,1,1,0,1,1,1,1,1,1,0,0,0,0,0,1,0,0,0,1,1,1,1,1,1,0,0,0,0,30k-60k
774496124,Corey,Hartman,Corey.Hartman000@mymdc.net,0,1,31,30000,0,2.03,3,False,1,1,0,1,1,1,1,1,1,0,1,1,1,1,1,1,1,1,0,1,1,0,1,1,1,1,1,0,1,0,1,1,1,1,1,0,1,0,1,30k-60k
121255549,Emily,Kent,Emily.Kent000@mymdc.net,0,0,37,30000,0,2.65,1,False,1,1,1,1,1,1,1,0,1,1,1,1,1,1,1,1,1,1,1,1,1,1,1,1,1,1,1,1,1,1,0,1,1,1,1,1,1,1,1,30k-60k
882679189,Melissa,Hall,Melissa.Hall000@mymdc.net,0,0,2,30000,0,3.13,2,False,0,0,0,0,0,0,0,0,0,0,0,0,0,0,0,0,0,0,1,0,0,0,0,0,0,0,0,0,0,0,0,1,0,0,0,0,0,0,0,30k-60k
389248201,Krystal,Burton,Krystal.Burton000@mymdc.net,0,9,34,30000,0,3.92,0,False,1,1,1,1,1,0,1,1,1,1,1,1,0,1,1,0,1,1,1,1,1,1,1,1,0,1,1,1,1,1,0,1,1,1,1,1,1,1,1,30k-60k
698716788,Rachel,Bond,Rachel.Bond000@mymdc.net,1,5,20,30000,0,2.78,1,False,0,1,1,1,0,1,0,1,0,0,1,1,1,0,1,1,0,0,0,0,1,1,1,0,1,0,1,0,1,0,1,0,1,0,1,0,0,0,1,30k-60k
342215199,Michael,Lowe,Michael.Lowe000@mymdc.net,1,5,2,30000,0,3.03,2,False,0,0,0,0,0,0,0,0,0,0,0,0,0,0,0,0,0,0,0,1,0,0,0,0,0,0,0,0,0,1,0,0,0,0,0,0,0,0,0,30k-60k
313762117,Jeffery,Guerra,Jeffery.Guerra000@mymdc.net,1,5,1,30000,0,2.37,3,False,0,0,0,0,0,0,0,0,0,0,1,0,0,0,0,0,0,0,0,0,0,0,0,0,0,0,0,0,0,0,0,0,0,0,0,0,0,0,0,30k-60k
110421985,Geoffrey,Shaw,Geoffrey.Shaw000@mymdc.net,1,2,16,30000,0,3.19,2,False,1,1,1,0,1,1,1,0,1,0,0,0,1,0,0,0,0,0,1,1,1,1,0,1,0,0,0,0,0,0,0,1,0,0,0,0,0,1,1,30k-60k
585292154,Jesus,Estrada,Jesus.Estrada000@mymdc.net,1,7,20,30000,0,2.97,1,False,1,1,0,1,0,1,1,0,0,1,0,1,1,1,0,1,1,0,1,1,0,1,0,0,0,1,1,0,1,0,0,0,1,0,0,0,0,1,1,30k-60k
134584302,Eric,Reyes,Eric.Reyes000@mymdc.net,0,3,23,30000,0,2.61,1,False,0,1,1,1,0,1,1,0,1,1,1,1,1,0,0,1,1,0,1,0,1,0,1,0,0,1,0,1,1,1,0,0,1,1,0,0,0,1,1,30k-60k
153757285,Megan,Bell,Megan.Bell000@mymdc.net,1,8,34,30000,0,2.17,3,False,1,0,1,1,1,1,1,1,0,1,1,1,1,1,1,1,1,1,1,1,0,1,1,0,1,1,1,1,1,1,0,1,1,1,1,1,1,1,1,30k-60k
468979984,Jacqueline,Dyer,Jacqueline.Dyer000@mymdc.net,0,9,32,30000,0,2.82,1,False,1,1,1,1,1,1,1,1,1,1,1,1,1,1,1,1,1,1,1,0,1,0,1,1,1,0,1,0,1,1,0,1,1,0,1,1,0,1,1,30k-60k
832411940,Haley,Johnson,Haley.Johnson000@mymdc.net,0,0,34,30000,0,2.14,3,False,1,1,1,1,1,1,1,1,1,1,1,0,1,1,0,1,0,1,1,1,1,1,1,1,1,1,1,0,0,1,1,1,1,1,1,1,1,1,1,30k-60k
845196021,Holly,Diaz,Holly.Diaz000@mymdc.net,0,9,29,30000,0,3.93,0,False,1,1,0,0,1,1,1,1,1,0,1,1,0,0,0,1,1,1,1,1,1,1,1,0,1,1,1,1,1,1,0,1,1,1,0,1,1,0,1,30k-60k
487671935,Michele,Rush,Michele.Rush000@mymdc.net,0,0,19,30000,0,2.52,1,False,1,1,1,0,1,1,1,0,0,0,1,0,0,0,1,0,1,1,1,1,0,0,0,0,0,0,0,0,1,0,0,1,0,1,1,1,0,1,1,30k-60k
985124425,Marvin,Mcconnell,Marvin.Mcconnell000@mymdc.net,0,9,24,30000,0,3.1,2,False,0,0,1,1,1,0,0,1,0,1,1,0,0,0,1,0,1,1,1,1,1,1,1,0,0,1,1,1,0,0,1,0,1,1,1,1,1,0,1,30k-60k
698716788,Rachel,Bond,Rachel.Bond000@mymdc.net,1,5,20,30000,0,2.78,1,False,0,1,1,1,0,1,0,1,0,0,1,1,1,0,1,1,0,0,0,0,1,1,1,0,1,0,1,0,1,0,1,0,1,0,1,0,0,0,1,30k-60k
978455794,Eric,Vasquez,Eric.Vasquez000@mymdc.net,0,9,10,30000,0,3.45,2,False,0,0,0,0,1,1,1,0,0,0,0,0,0,0,0,1,1,0,1,0,0,0,0,0,0,1,1,0,0,1,1,0,0,0,0,0,0,0,0,30k-60k
801366346,Sharon,Wilson,Sharon.Wilson000@mymdc.net,0,3,21,30000,0,2.86,1,False,1,1,1,1,0,0,1,1,0,0,1,1,0,1,1,1,1,1,1,1,0,0,1,0,1,1,0,0,0,0,0,0,0,1,1,0,0,0,1,30k-60k
125687113,Brittany,Alexander,Brittany.Alexander000@mymdc.net,0,6,11,30000,0,2.8,1,False,0,0,0,1,0,1,0,0,0,1,1,0,0,1,0,1,0,1,1,0,0,0,0,0,0,0,0,0,1,0,0,0,0,0,1,1,0,0,0,30k-60k
653192876,Cynthia,Wagner,Cynthia.Wagner000@mymdc.net,0,6,11,30000,0,3.97,0,False,1,0,0,0,0,0,0,0,0,1,1,0,0,1,0,0,0,0,0,1,0,0,0,1,1,0,1,0,0,0,0,1,0,0,0,0,0,1,1,30k-60k
829733041,Theresa,Price,Theresa.Price000@mymdc.net,0,1,9,30000,0,3.09,2,False,0,0,0,0,1,0,0,0,0,0,1,0,0,0,1,1,0,1,0,0,0,0,1,0,0,0,0,0,0,0,1,0,0,0,0,1,0,1,0,30k-60k
322248480,Lucas,Phillips,Lucas.Phillips000@mymdc.net,0,0,26,30000,0,3.13,2,False,1,1,1,1,1,0,1,1,0,0,0,1,1,1,1,1,1,1,1,0,0,1,1,1,0,0,1,1,1,1,0,0,1,1,0,1,0,0,1,30k-60k
323357398,Teresa,Jones,Teresa.Jones000@mymdc.net,0,9,30,30000,0,2.05,3,False,1,1,1,1,0,1,0,1,0,1,1,1,1,1,1,0,0,1,1,1,1,0,1,1,1,1,1,1,1,1,0,1,1,1,0,1,1,0,1,30k-60k
653192876,Cynthia,Wagner,Cynthia.Wagner000@mymdc.net,0,6,11,30000,0,3.97,0,False,1,0,0,0,0,0,0,0,0,1,1,0,0,1,0,0,0,0,0,1,0,0,0,1,1,0,1,0,0,0,0,1,0,0,0,0,0,1,1,30k-60k
536625033,Robert,Frazier,Robert.Frazier000@mymdc.net,0,3,28,30000,0,3.37,2,False,1,1,1,1,0,1,1,1,1,1,1,0,1,0,1,1,1,0,0,1,1,0,0,1,1,1,1,1,1,1,0,1,1,1,0,1,0,1,0,30k-60k
313762117,Jeffery,Guerra,Jeffery.Guerra000@mymdc.net,1,5,1,30000,0,2.37,3,False,0,0,0,0,0,0,0,0,0,0,1,0,0,0,0,0,0,0,0,0,0,0,0,0,0,0,0,0,0,0,0,0,0,0,0,0,0,0,0,30k-60k
636669878,Vanessa,Calderon,Vanessa.Calderon000@mymdc.net,1,7,35,30000,0,2.98,1,False,1,1,1,1,1,1,1,1,1,1,1,1,1,1,1,0,0,1,1,0,1,1,1,1,1,1,1,0,1,1,1,1,1,1,1,1,1,1,1,30k-60k
153757285,Megan,Bell,Megan.Bell000@mymdc.net,1,8,34,30000,0,2.17,3,False,1,0,1,1,1,1,1,1,0,1,1,1,1,1,1,1,1,1,1,1,0,1,1,0,1,1,1,1,1,1,0,1,1,1,1,1,1,1,1,30k-60k
618867382,David,Hall,David.Hall000@mymdc.net,1,2,10,30000,0,3.1,2,False,0,1,0,0,0,0,0,0,0,0,0,0,1,0,0,0,0,0,1,0,1,1,0,0,1,0,0,0,0,0,0,1,0,1,0,0,0,1,1,30k-60k
561627982,Kathleen,Harris,Kathleen.Harris000@mymdc.net,1,4,17,30000,0,2.19,3,False,0,1,0,0,1,0,1,0,0,1,0,0,1,0,1,0,1,1,0,0,0,0,1,1,0,1,0,1,1,1,0,0,0,0,1,0,1,0,1,30k-60k
283276882,Daniel,Rodriguez,Daniel.Rodriguez000@mymdc.net,0,3,2,30000,0,3.26,2,False,0,1,0,0,0,0,0,0,0,0,0,0,0,0,0,0,0,0,0,0,0,0,0,0,0,0,0,0,0,1,0,0,0,0,0,0,0,0,0,30k-60k
332824550,Evan,Little,Evan.Little000@mymdc.net,1,2,3,30000,0,2.19,3,False,1,0,0,1,0,0,0,0,0,0,0,0,0,0,0,0,0,0,0,0,0,0,0,0,0,1,0,0,0,0,0,0,0,0,0,0,0,0,0,30k-60k
316964996,Bonnie,Anderson,Bonnie.Anderson000@mymdc.net,1,4,39,30000,0,3.18,2,False,1,1,1,1,1,1,1,1,1,1,1,1,1,1,1,1,1,1,1,1,1,1,1,1,1,1,1,1,1,1,1,1,1,1,1,1,1,1,1,30k-60k
198974850,Sara,Murphy,Sara.Murphy000@mymdc.net,1,5,7,30000,0,3.47,2,False,0,0,0,0,0,0,0,0,0,0,0,1,0,0,1,0,0,0,0,1,1,0,0,1,0,0,0,0,0,0,1,0,0,0,1,0,0,0,0,30k-60k
423604203,Glenn,Collins,Glenn.Collins000@mymdc.net,0,1,2,30000,0,2.63,1,False,0,0,0,1,0,0,0,0,0,0,0,0,0,0,0,0,0,0,0,0,0,0,0,0,0,0,0,0,0,0,0,0,0,0,0,0,0,0,1,30k-60k
342215199,Michael,Lowe,Michael.Lowe000@mymdc.net,1,5,2,30000,0,3.03,2,False,0,0,0,0,0,0,0,0,0,0,0,0,0,0,0,0,0,0,0,1,0,0,0,0,0,0,0,0,0,1,0,0,0,0,0,0,0,0,0,30k-60k
242284021,Craig,Wilson,Craig.Wilson000@mymdc.net,0,6,27,30000,0,2.68,1,False,0,0,1,1,0,1,1,1,0,1,0,1,0,1,1,1,1,1,1,0,0,1,1,1,1,1,0,1,1,0,1,1,0,1,1,1,0,1,1,30k-60k
585292154,Jesus,Estrada,Jesus.Estrada000@mymdc.net,1,7,20,30000,0,2.97,1,False,1,1,0,1,0,1,1,0,0,1,0,1,1,1,0,1,1,0,1,1,0,1,0,0,0,1,1,0,1,0,0,0,1,0,0,0,0,1,1,30k-60k
480363707,Gary,Velez,Gary.Velez000@mymdc.net,0,1,13,30000,0,3.78,0,False,1,0,0,1,0,1,0,0,0,0,0,0,1,1,0,0,0,0,1,0,0,1,1,0,1,0,1,0,0,0,0,1,0,1,1,0,0,0,0,30k-60k
933852453,Adam,Nguyen,Adam.Nguyen000@mymdc.net,0,1,17,30000,0,2.15,3,False,0,1,1,1,1,1,0,0,1,0,0,0,0,0,1,0,0,0,0,1,1,1,0,1,1,0,1,0,1,0,1,0,0,0,1,1,0,0,0,30k-60k
392384336,Karen,Carrillo,Karen.Carrillo000@mymdc.net,0,1,3,30000,0,3.12,2,False,0,0,0,0,0,0,0,0,0,0,0,1,0,0,0,0,0,1,0,0,0,0,0,0,0,0,0,0,0,1,0,0,0,0,0,0,0,0,0,30k-60k
699803675,Adam,Rosales,Adam.Rosales000@mymdc.net,0,3,14,30000,0,2.67,1,False,0,1,1,1,0,1,0,1,0,0,1,0,0,0,1,1,0,1,1,0,0,0,1,0,0,1,0,0,0,0,0,1,0,1,0,0,0,0,0,30k-60k
145182458,George,Ayers,George.Ayers000@mymdc.net,1,7,30,30000,0,3.16,2,False,1,1,1,1,1,1,1,1,0,1,0,1,0,1,1,1,0,1,1,1,1,1,1,0,1,0,0,1,1,1,0,0,1,1,1,1,1,1,1,30k-60k
469669320,Kimberly,Thomas,Kimberly.Thomas000@mymdc.net,0,6,39,30000,0,2.38,3,False,1,1,1,1,1,1,1,1,1,1,1,1,1,1,1,1,1,1,1,1,1,1,1,1,1,1,1,1,1,1,1,1,1,1,1,1,1,1,1,30k-60k
469669320,Kimberly,Thomas,Kimberly.Thomas000@mymdc.net,0,6,39,30000,0,2.38,3,False,1,1,1,1,1,1,1,1,1,1,1,1,1,1,1,1,1,1,1,1,1,1,1,1,1,1,1,1,1,1,1,1,1,1,1,1,1,1,1,30k-60k
191181715,Stacy,Brown,Stacy.Brown000@mymdc.net,1,5,31,30000,0,2.62,1,False,1,1,1,1,1,1,1,1,1,1,0,1,0,1,1,1,0,0,1,1,1,1,0,1,1,1,1,1,1,1,0,1,1,0,1,0,1,1,1,30k-60k
667921523,Andrew,Mcdonald,Andrew.Mcdonald000@mymdc.net,1,2,38,30000,0,2.94,1,False,1,1,1,1,1,1,1,1,1,1,1,0,1,1,1,1,1,1,1,1,1,1,1,1,1,1,1,1,1,1,1,1,1,1,1,1,1,1,1,30k-60k
454882007,Zachary,Galloway,Zachary.Galloway000@mymdc.net,0,0,30,30000,0,3.5,2,False,0,0,1,1,1,1,1,1,1,1,0,1,1,0,1,1,1,1,0,0,1,1,1,1,1,1,1,0,0,1,1,1,0,1,1,1,1,1,1,30k-60k
978455794,Eric,Vasquez,Eric.Vasquez000@mymdc.net,0,9,10,30000,0,3.45,2,False,0,0,0,0,1,1,1,0,0,0,0,0,0,0,0,1,1,0,1,0,0,0,0,0,0,1,1,0,0,1,1,0,0,0,0,0,0,0,0,30k-60k
118948757,Brandon,Santiago,Brandon.Santiago000@mymdc.net,1,2,7,30000,0,2.58,1,False,0,1,0,0,0,0,0,0,1,0,0,0,0,0,0,0,1,1,0,0,0,0,1,1,0,0,0,0,0,0,0,0,0,1,0,0,0,0,0,30k-60k
218175719,Hayden,Holt,Hayden.Holt000@mymdc.net,0,0,7,30000,0,2.56,1,False,0,0,0,1,1,1,1,0,0,0,0,0,0,1,0,0,0,0,0,0,0,0,0,0,0,0,0,0,0,0,0,1,1,0,0,0,0,0,0,30k-60k
933852453,Adam,Nguyen,Adam.Nguyen000@mymdc.net,0,1,17,30000,0,2.15,3,False,0,1,1,1,1,1,0,0,1,0,0,0,0,0,1,0,0,0,0,1,1,1,0,1,1,0,1,0,1,0,1,0,0,0,1,1,0,0,0,30k-60k
500484680,Steven,Davis,Steven.Davis000@mymdc.net,0,1,19,30000,0,3.02,2,False,1,0,0,1,1,0,1,0,0,1,1,1,1,0,0,1,1,0,1,1,1,0,0,0,0,0,0,1,1,1,0,0,0,0,0,1,1,0,1,30k-60k
255417587,Steven,Cruz,Steven.Cruz000@mymdc.net,0,1,5,30000,0,3.16,2,False,0,0,0,0,0,0,0,0,0,1,0,0,1,0,0,1,0,0,0,0,0,0,0,0,0,0,0,0,0,1,0,0,0,1,0,0,0,0,0,30k-60k
472109847,Richard,Bates,Richard.Bates000@mymdc.net,1,7,10,30000,0,2.47,3,False,0,0,0,1,0,0,0,0,0,0,0,0,0,1,0,0,0,0,1,1,0,0,0,0,1,1,0,0,0,0,1,1,1,0,0,1,0,0,0,30k-60k
242284021,Craig,Wilson,Craig.Wilson000@mymdc.net,0,6,27,30000,0,2.68,1,False,0,0,1,1,0,1,1,1,0,1,0,1,0,1,1,1,1,1,1,0,0,1,1,1,1,1,0,1,1,0,1,1,0,1,1,1,0,1,1,30k-60k
218122885,Eugene,Maxwell,Eugene.Maxwell000@mymdc.net,0,0,11,30000,0,3.29,2,False,1,1,0,1,1,1,0,1,0,0,1,0,0,0,0,0,0,0,0,0,0,1,0,0,0,0,1,1,1,0,0,0,0,0,0,0,0,0,0,30k-60k
829733041,Theresa,Price,Theresa.Price000@mymdc.net,0,1,9,30000,0,3.09,2,False,0,0,0,0,1,0,0,0,0,0,1,0,0,0,1,1,0,1,0,0,0,0,1,0,0,0,0,0,0,0,1,0,0,0,0,1,0,1,0,30k-60k
948236505,Heidi,Blair,Heidi.Blair000@mymdc.net,1,5,15,30000,0,3.93,0,False,0,0,1,0,1,0,0,1,1,0,0,0,0,0,0,0,0,0,0,0,0,0,1,1,0,1,1,0,1,1,0,0,1,0,0,1,1,1,1,30k-60k
729279994,Jennifer,Marsh,Jennifer.Marsh000@mymdc.net,0,3,3,30000,0,3.99,0,False,0,0,0,0,0,0,0,0,0,0,0,0,0,0,1,0,0,0,0,0,0,0,0,0,0,1,0,0,0,0,0,1,0,0,0,0,0,0,0,30k-60k
105698731,Meghan,Welch,Meghan.Welch000@mymdc.net,0,3,28,30000,0,2.17,3,False,1,1,0,1,1,1,0,1,1,1,1,0,1,0,1,0,0,1,1,1,1,1,0,1,1,0,1,0,1,1,1,1,0,0,1,1,1,1,1,30k-60k
906882245,Nancy,Hodge,Nancy.Hodge000@mymdc.net,1,4,38,30000,0,2.31,3,False,1,1,1,1,1,1,1,1,1,1,1,1,1,1,1,1,0,1,1,1,1,1,1,1,1,1,1,1,1,1,1,1,1,1,1,1,1,1,1,30k-60k
653445648,Mario,Smith,Mario.Smith000@mymdc.net,1,7,18,30000,0,3.0,1,False,1,1,0,0,1,0,0,0,1,1,1,1,0,0,1,0,0,1,1,0,1,1,0,0,0,0,1,0,1,0,0,0,1,1,1,0,0,1,0,30k-60k
454882007,Zachary,Galloway,Zachary.Galloway000@mymdc.net,0,0,30,30000,0,3.5,2,False,0,0,1,1,1,1,1,1,1,1,0,1,1,0,1,1,1,1,0,0,1,1,1,1,1,1,1,0,0,1,1,1,0,1,1,1,1,1,1,30k-60k
642163652,Jessica,Vazquez,Jessica.Vazquez000@mymdc.net,0,6,2,30000,0,3.45,2,False,0,0,0,0,0,0,0,0,0,0,1,0,0,1,0,0,0,0,0,0,0,0,0,0,0,0,0,0,0,0,0,0,0,0,0,0,0,0,0,30k-60k
772469360,John,Thornton,John.Thornton000@mymdc.net,0,3,23,30000,0,2.03,3,False,0,1,1,1,1,1,0,1,1,0,1,1,1,0,1,1,1,1,1,1,0,0,0,0,0,1,0,0,0,1,1,1,1,1,1,0,0,0,0,30k-60k
204405276,Sheila,Mendez,Sheila.Mendez000@mymdc.net,0,0,27,30000,0,2.53,1,False,1,1,1,1,1,0,1,0,1,1,1,1,1,1,1,1,1,0,1,0,1,1,1,1,0,0,1,1,0,0,0,1,0,0,0,1,1,1,1,30k-60k
882679189,Melissa,Hall,Melissa.Hall000@mymdc.net,0,0,2,30000,0,3.13,2,False,0,0,0,0,0,0,0,0,0,0,0,0,0,0,0,0,0,0,1,0,0,0,0,0,0,0,0,0,0,0,0,1,0,0,0,0,0,0,0,30k-60k
500484680,Steven,Davis,Steven.Davis000@mymdc.net,0,1,19,30000,0,3.02,2,False,1,0,0,1,1,0,1,0,0,1,1,1,1,0,0,1,1,0,1,1,1,0,0,0,0,0,0,1,1,1,0,0,0,0,0,1,1,0,1,30k-60k
278126679,Samuel,Ramos,Samuel.Ramos000@mymdc.net,1,7,29,30000,0,2.99,1,False,0,1,1,1,0,1,1,1,1,0,0,0,0,1,1,0,1,1,1,1,1,1,1,1,1,0,1,1,0,1,1,1,1,1,0,1,1,1,1,30k-60k
728417114,Melanie,Hunt,Melanie.Hunt000@mymdc.net,0,9,6,30000,0,3.17,2,False,0,0,1,0,1,0,0,0,0,1,0,0,1,0,0,0,0,0,0,0,0,0,0,0,0,0,0,0,0,0,0,1,0,0,1,0,0,0,0,30k-60k
460858762,Shaun,Garcia,Shaun.Garcia000@mymdc.net,1,8,35,30000,0,2.27,3,False,0,1,1,1,1,1,1,1,1,1,1,0,1,1,1,1,1,1,1,1,0,1,1,1,1,1,1,1,1,1,1,1,1,1,1,1,0,1,1,30k-60k
